X,Y,OBJECTNUMB,NAMEOBJECT,NAME
30.2136306188785,52.7039611564935,26333,Ïðîòîâî,Çàêàçíèê ðàéîííîãî çíà÷åíèÿ
28.6500512086103,53.1787216330773,26849,Îõîòíè÷èé çàêàçíèê,Çàêàçíèê ðàéîííîãî çíà÷åíèÿ
28.2510387582653,55.4725203629227,27014,Êîïöåóñêàÿ îçåðàâàÿ ãðàäà,Çàêàçíèê ðàéîííîãî çíà÷åíèÿ
28.3048664753621,51.7226317491844,26359,Ëåëü÷èöêîå-Ñâèäîâåö,Çàêàçíèê ðàéîííîãî çíà÷åíèÿ
28.0825664213831,51.6600262284889,26358,Çàñàäèùå,Çàêàçíèê ðàéîííîãî çíà÷åíèÿ
28.0753954942223,51.6372934876131,26365,Ïëîòíèöà,Çàêàçíèê ðàéîííîãî çíà÷åíèÿ
27.5524325413618,51.7223849894823,26363,Íåâèöà,Çàêàçíèê ðàéîííîãî çíà÷åíèÿ
30.1558117875418,53.0047368750905,26428,Òóìåíü,Çàêàçíèê ðàéîííîãî çíà÷åíèÿ
29.9290047963151,53.644447567881,26791,Áîëîíîâêà-×åðíîãðÿçü,Çàêàçíèê ðàéîííîãî çíà÷åíèÿ
28.7846688779414,52.8933114228873,26800,Ìîñòîâîå è Êðèíèöû,Çàêàçíèê ðàéîííîãî çíà÷åíèÿ
30.127639657008,52.585152829651,26343,Îðëè,Çàêàçíèê ðàéîííîãî çíà÷åíèÿ
29.7385319286754,53.5763789385873,26814,Çâîííèöà,Çàêàçíèê ðàéîííîãî çíà÷åíèÿ
29.3746588443471,53.4759949393556,26815,Êëè÷åâ,Çàêàçíèê ðàéîííîãî çíà÷åíèÿ
29.5873845619193,53.6309549157775,26821,Îðåõîâêà,Çàêàçíèê ðàéîííîãî çíà÷åíèÿ
27.0900475376041,53.3342749420056,26575,Ðàêèòíèê,Çàêàçíèê ðàéîííîãî çíà÷åíèÿ
28.6162315739644,53.1004197563424,26802,Ñåðíîå,Çàêàçíèê ðàéîííîãî çíà÷åíèÿ
29.5488646690894,55.568478321385,27474,Øåâåêèíñêèé âàëóí,Ïàìÿòíèê ïðèðîäû ðåñïóáëèêàíñêîãî çíà÷åíèÿ
24.1553029797435,53.5106571923414,27019,"""Ðîâ ßíà è Öåöèëèè""",Ïàìÿòíèê ïðèðîäû ðåñïóáëèêàíñêîãî çíà÷åíèÿ
23.9500885736711,51.8913486306221,27522,"Äóá ÷åðåø÷àòûé ""Ïîæåæèíñêèé""",Ïàìÿòíèê ïðèðîäû ðåñïóáëèêàíñêîãî çíà÷åíèÿ
30.3199452023276,53.8970722216008,27581,Âåêîâîå äåðåâî äóá,Ïàìÿòíèê ïðèðîäû ðàéîííîãî çíà÷åíèÿ
30.8328792888674,53.9266846229141,26859,Áîðäèëîâñêîå-Êðåìåíåö,Çàêàçíèê ðàéîííîãî çíà÷åíèÿ
26.5274526616987,54.5843038804494,26199,Äóáàòîâñêîå,Çàêàçíèê ðåñïóáëèêàíñêîãî çíà÷åíèÿ
30.6049816913703,55.5973218478345,27575,Âîäÿíîé îðåõ,Ïàìÿòíèê ïðèðîäû ðàéîííîãî çíà÷åíèÿ
26.1463222163518,52.8533185911629,26261,"Ñòàðèííûé ïàðê ""Ðåïèõîâî""",Ïàìÿòíèê ïðèðîäû îáëàñòíîãî çíà÷åíèÿ
27.9166244054431,54.7172993035415,27499,Çàáîðüå,Çàêàçíèê ðàéîííîãî çíà÷åíèÿ
26.9811391340082,53.0586754594002,26756,"Ïàðê ""Òèìêîâè÷è""",Ïàìÿòíèê ïðèðîäû ðàéîííîãî çíà÷åíèÿ
26.729777610723,53.288406004035,27586,Äóáîâî-ëèñòâåííàÿ àëëåÿ,Ïàìÿòíèê ïðèðîäû ðàéîííîãî çíà÷åíèÿ
27.2559802530189,54.3651256897751,27024,"Îáíàæåíèå ""Âèíöåíòîâî""",Ïàìÿòíèê ïðèðîäû ðåñïóáëèêàíñêîãî çíà÷åíèÿ
26.684865252433,53.3292877865923,27587,Áåëîêîïûòíèê ãèáðèäíûé. Õóòîð Ãîâÿçíà,Ïàìÿòíèê ïðèðîäû ðàéîííîãî çíà÷åíèÿ
28.1527300322808,51.78185937631,26996,Óíèêàëüíûé ó÷àñòîê ëåñà 3,Ïàìÿòíèê ïðèðîäû ðàéîííîãî çíà÷åíèÿ
25.657135881945,51.9370576083645,26223,Çàâèøüå,Çàêàçíèê îáëàñòíîãî çíà÷åíèÿ
26.5716896532893,55.3839899874022,26305,"Ïàðê ""Âèäçû-Ëîâ÷èíñêèå""",Ïàìÿòíèê ïðèðîäû îáëàñòíîãî çíà÷åíèÿ
24.0586330680649,52.2122777026766,27527,"Ñîñíà âåéìóòîâà ""Æàáèíêîâñêàÿ""",Ïàìÿòíèê ïðèðîäû ðåñïóáëèêàíñêîãî çíà÷åíèÿ
24.0013037865609,52.1485005467293,27525,"Äóá ÷åðåø÷àòûé ""Ïåòðîâè÷ñêèé-2""",Ïàìÿòíèê ïðèðîäû ðåñïóáëèêàíñêîãî çíà÷åíèÿ
29.353252161545,53.6601800255743,27528,"Áóêè ëåñíûå ïóðïóðíûå ""Ëþòèíñêèå""",Ïàìÿòíèê ïðèðîäû ðåñïóáëèêàíñêîãî çíà÷åíèÿ
27.2065971918653,54.9367179567056,26764,"""Ãîðà Áàðñó÷èõà""",Ïàìÿòíèê ïðèðîäû ðàéîííîãî çíà÷åíèÿ
27.2946181578114,54.9316755147694,26765,"""Ãîðà Ïóñòîâèíû""",Ïàìÿòíèê ïðèðîäû ðàéîííîãî çíà÷åíèÿ
27.4445755832077,54.7928208026426,26767,"Ïàðê ""Áóäñëàâ""",Ïàìÿòíèê ïðèðîäû ðàéîííîãî çíà÷åíèÿ
26.5604342499347,55.3832189112311,27596,Ðîäíèê Ëàçåíêè,Ïàìÿòíèê ïðèðîäû ðàéîííîãî çíà÷åíèÿ
27.3115666316365,55.7758014631879,27597,Ðîäíèê-èñòîê Íèêëè,Ïàìÿòíèê ïðèðîäû ðàéîííîãî çíà÷åíèÿ
28.5880281152494,52.7407219423777,26877,Äóáðàâà,Ïàìÿòíèê ïðèðîäû ðàéîííîãî çíà÷åíèÿ
26.5564151635759,52.0259575848423,26142,Òûðâîâè÷è,Çàêàçíèê ðåñïóáëèêàíñêîãî çíà÷åíèÿ
26.2268934100356,52.987219898001,27604,"Ïîéìà ðåêè ""Ùàðà""",Çàêàçíèê ðàéîííîãî çíà÷åíèÿ
29.9711158627464,51.6792763422739,27605,Ïîëåññêèé ãîñóäàðñòâåííûé ðàäèàöèîííî-ýêîëîãè÷åñêèé,Çàïîâåäíèê
25.8067424956773,52.707324172212,26127,Âûãîíîùàíñêîå,Çàêàçíèê ðåñïóáëèêàíñêîãî çíà÷åíèÿ
30.2486267927675,55.5321201652548,26159,Êîðûòåíñêèé Ìîõ,Çàêàçíèê ðåñïóáëèêàíñêîãî çíà÷åíèÿ
28.188177943542,55.218991433782,26157,Äîëãîå,Çàêàçíèê ðåñïóáëèêàíñêîãî çíà÷åíèÿ
28.970651449902,55.6262346119074,26166,Ëîííî,Çàêàçíèê ðåñïóáëèêàíñêîãî çíà÷åíèÿ
28.2514721926675,53.3763213254753,27617,Ìàòååâè÷ñêèé,Çàêàçíèê ðåñïóáëèêàíñêîãî çíà÷åíèÿ
25.7292435226398,51.9242210599447,27631,Ãíåäåöêîå çàïîëüå,Ïàìÿòíèê ïðèðîäû ðàéîííîãî çíà÷åíèÿ
28.4560837480618,54.2876672024981,27645,Ñòàðîáîðèñîâñêèé ëåñ,Ïàìÿòíèê ïðèðîäû ðåñïóáëèêàíñêîãî çíà÷åíèÿ
26.6910867975803,53.2294502767634,27657,"Äóá ïèðàìèäàëüíûé ""Çàîçåðñêèé""",Ïàìÿòíèê ïðèðîäû ðåñïóáëèêàíñêîãî çíà÷åíèÿ
27.5373817283102,54.9131832239157,27654,"Äóá-âåëèêàí ""Ñèòöåâñêèé""",Ïàìÿòíèê ïðèðîäû ðåñïóáëèêàíñêîãî çíà÷åíèÿ
26.6973459627036,53.2240899200482,26976,"Ïàðê ""Íåñâèæ""",Ïàìÿòíèê ïðèðîäû ðåñïóáëèêàíñêîãî çíà÷åíèÿ
30.8040222213413,54.7559906477642,27623,Îçåðû,Çàêàçíèê ðàéîííîãî çíà÷åíèÿ
25.9148384068865,53.4442379154339,27668,"Äóá-òðîéíèê ""Ñâèòÿçÿíñêèé""",Ïàìÿòíèê ïðèðîäû ðåñïóáëèêàíñêîãî çíà÷åíèÿ
24.1189607471355,53.2591577830253,27674,"Ñòàðèííàÿ ïàðêîâàÿ óñàäüáà ""Ñòàðûé Äâîðåö""",Ïàìÿòíèê ïðèðîäû ðàéîííîãî çíà÷åíèÿ
28.3374612963339,54.382538468178,27688,"Ïàðê ""Êðè÷èíñêèé ñàä""",Ïàìÿòíèê ïðèðîäû ðàéîííîãî çíà÷åíèÿ
30.2912914571886,54.7329692642272,27692,Êàðîëèíîâñêèå õîëìû,Ïàìÿòíèê ïðèðîäû ðàéîííîãî çíà÷åíèÿ
26.8768626890868,54.5971202936308,26746,"Ïàðê ""Ëþáàíü""",Ïàìÿòíèê ïðèðîäû ðàéîííîãî çíà÷åíèÿ
27.0093947393053,54.6178062934418,27704,Ðîäíèê Ñâÿòàÿ âîäà,Ïàìÿòíèê ïðèðîäû ðàéîííîãî çíà÷åíèÿ
31.0323240810506,52.2352159255089,27719,Äóáðàâà,Ïàìÿòíèê ïðèðîäû ðàéîííîãî çíà÷åíèÿ
26.5049347700599,54.8875393164897,27729,"Âàëóí ""Áîëüøîé êàìåíü"" âåíöåâè÷ñêèé",Ïàìÿòíèê ïðèðîäû ðåñïóáëèêàíñêîãî çíà÷åíèÿ
27.0798555930872,53.9684445984724,27740,Ðîäíèê Ðàêîâñêèé,Ïàìÿòíèê ïðèðîäû ðàéîííîãî çíà÷åíèÿ
24.640208348724,52.2884544148239,27744,Åëü,Çàêàçíèê ðàéîííîãî çíà÷åíèÿ
29.7268090737652,52.6166403061769,26433,Ñâåòëîãîðñêèé,Çàêàçíèê ðàéîííîãî çíà÷åíèÿ
23.3481911394074,52.4182192443124,27759,Ðîäíèê â ä.Òóìèí,Ïàìÿòíèê ïðèðîäû ðàéîííîãî çíà÷åíèÿ
28.830645596855,54.0507687748479,27764,"Îáíàæåíèå ""Ìóðîâà""",Ïàìÿòíèê ïðèðîäû ðåñïóáëèêàíñêîãî çíà÷åíèÿ
31.7085726394658,54.0539814247159,27765,"Êðèíèöà ""Áåëêîâî""",Ïàìÿòíèê ïðèðîäû ðàéîííîãî çíà÷åíèÿ
31.4160731631299,52.4312420218251,27767,"Ó÷àñòîê ëåñà (ïðîèçðàñòàíèå ñîñíû, äóáà, áåð¸çû)",Ïàìÿòíèê ïðèðîäû îáëàñòíîãî çíà÷åíèÿ
28.802231887299,55.9457633170277,27771,Áîëüøîé Êàìåíü Ãëàçêîâñêèé,Ïàìÿòíèê ïðèðîäû ðàéîííîãî çíà÷åíèÿ
28.7943943434128,55.9384619435934,27772,Áîëüøîé Êàìåíü Ôîìèíñêèé,Ïàìÿòíèê ïðèðîäû ðàéîííîãî çíà÷åíèÿ
26.9932464301176,55.6982438631156,27790,"Âàëóí ""Áîëüøîé êàìåíü"" ñòðóñòîâñêèé",Ïàìÿòíèê ïðèðîäû ðåñïóáëèêàíñêîãî çíà÷åíèÿ
27.0558329612979,55.7637651554532,27807,"Âàëóíû ""Êðàñíîãîðñêèå""",Ïàìÿòíèê ïðèðîäû ðåñïóáëèêàíñêîãî çíà÷åíèÿ
28.0108524791615,51.7939069017017,27810,"Äóá ÷åðåø÷àòûé ""Äàíèëåâè÷ñêèé""",Ïàìÿòíèê ïðèðîäû ðåñïóáëèêàíñêîãî çíà÷åíèÿ
26.5343719351655,53.2204555089265,27820,Ìàëåâñêèé,Çàêàçíèê ðàéîííîãî çíà÷åíèÿ
29.2511852515716,54.33275679488,27839,"Ðîäíèê ""Áîáð""",Ïàìÿòíèê ïðèðîäû ðàéîííîãî çíà÷åíèÿ
27.625655495299,55.614076897084,27844,"Ãîðîäñêîé ïàðê ""Ïîëóîñòðîâ""",Ïàìÿòíèê ïðèðîäû ðàéîííîãî çíà÷åíèÿ
27.5253232733478,55.5418969032283,27845,Êóáëèùàíñêèé Âåëèêèé Êàìåíü,Ïàìÿòíèê ïðèðîäû ðåñïóáëèêàíñêîãî çíà÷åíèÿ
27.5812149524581,55.6601272470716,27851,ßíàïîëüñêèé Ñêàðáîâûé Êàìåíü,Ïàìÿòíèê ïðèðîäû ðàéîííîãî çíà÷åíèÿ
27.3680233030456,55.586129808326,27854,Ðàæíåâñêèé Âàëóí,Ïàìÿòíèê ïðèðîäû ðàéîííîãî çíà÷åíèÿ
27.6636041815907,55.7072102336843,27850,Ëóïîâùèíñêèé Âåëèêèé Êàìåíü,Ïàìÿòíèê ïðèðîäû ðàéîííîãî çíà÷åíèÿ
24.608321058689,53.8030344629022,27860,"Âàëóí ""Áîëüøîé êàìåíü"" ïóãà÷åâñêèé",Ïàìÿòíèê ïðèðîäû ðåñïóáëèêàíñêîãî çíà÷åíèÿ
24.9588840481861,53.6078995805079,27866,"Âàëóí ""Ôàðíîêîíåöêèé""",Ïàìÿòíèê ïðèðîäû ðåñïóáëèêàíñêîãî çíà÷åíèÿ
29.1727498323457,52.9231937703091,27819,Âåëèêèé Ìîõ,Çàêàçíèê ðàéîííîãî çíà÷åíèÿ
27.0203872181595,55.7113975012325,27789,"Âàëóí ""Êîðîâèé êàìåíü"" ÷åðíèøêîâñêèé",Ïàìÿòíèê ïðèðîäû ðåñïóáëèêàíñêîãî çíà÷åíèÿ
28.4622900262968,55.7163447175574,27752,Âåëèêèé êàìåíü Äåðíàâè÷ñêèé,Ïàìÿòíèê ïðèðîäû ðàéîííîãî çíà÷åíèÿ
27.9443194867141,55.3579500005579,27835,Áåøåííûé êàìåíü ãðûäþøêèíñêèé,Ïàìÿòíèê ïðèðîäû ðåñïóáëèêàíñêîãî çíà÷åíèÿ
26.0531289201742,53.3557658975426,27828,Ðîäíèê îêîëî ä.ßñåíåö,Ïàìÿòíèê ïðèðîäû ðàéîííîãî çíà÷åíèÿ
29.0005588933002,53.3512740826176,27788,"Âåêîâîé äóá ""Îêòÿáðüñêèé""",Ïàìÿòíèê ïðèðîäû ðàéîííîãî çíà÷åíèÿ
25.9605993862511,53.54123522405,27904,"Âàëóí ""Ñâÿòîé êàìåíü"" ñåíåæèöêèé",Ïàìÿòíèê ïðèðîäû ðåñïóáëèêàíñêîãî çíà÷åíèÿ
25.7324902244406,53.4289527138411,27906,"Êîíãëîìåðàò ""Çàïîëüñêèé - 1""",Ïàìÿòíèê ïðèðîäû ðåñïóáëèêàíñêîãî çíà÷åíèÿ
26.0368716228693,54.3857629015272,26527,Íîâîñåëêè,Çàêàçíèê ðàéîííîãî çíà÷åíèÿ
26.2248759557075,54.3088257352246,27913,"Âàëóí ""Êàìåíèöêèé""",Ïàìÿòíèê ïðèðîäû ðåñïóáëèêàíñêîãî çíà÷åíèÿ
30.7777621973395,53.4279639310918,27941,"Òîðôÿíîå ìåñòîðîæäåíèå ""Ñâåíöèíî""",Çàêàçíèê ðàéîííîãî çíà÷åíèÿ
31.0523147210571,53.4905163942784,27943,"Òîðôÿíîå ìåñòîðîæäåíèå ""Óçìóòíîå""",Çàêàçíèê ðàéîííîãî çíà÷åíèÿ
29.3937398273458,53.6510723586716,27950,Çàÿìíûø,Çàêàçíèê ðàéîííîãî çíà÷åíèÿ
29.7652581099091,54.1630326971234,27924,Êðèíèöà - 2,Ïàìÿòíèê ïðèðîäû ðàéîííîãî çíà÷åíèÿ
28.7090696894629,53.7400451783551,27973,"Ðîäíèê ""Ãàëêîâñêîãî""",Ïàìÿòíèê ïðèðîäû ðàéîííîãî çíà÷åíèÿ
29.0872381153908,53.3709735461995,27980,Òåíåâêà,Çàêàçíèê ðàéîííîãî çíà÷åíèÿ
27.8044701620674,53.3209154826867,28039,Âîðîíè÷ñêèé îñòðîâ,Çàêàçíèê ðåñïóáëèêàíñêîãî çíà÷åíèÿ
27.6287641361813,51.895963585339,28040,Ñòàðûé Æàäåí,Çàêàçíèê ðåñïóáëèêàíñêîãî çíà÷åíèÿ
29.9880789491055,55.4079465786333,27495,Äóáðàâà,Çàêàçíèê ðàéîííîãî çíà÷åíèÿ
28.1201760764532,56.0133583738941,26274,Îñâåéñêèé,Çàêàçíèê ðàéîííîãî çíà÷åíèÿ
25.6834894757929,53.9035123952146,27544,Óðî÷èùå Êðàñíîå,Çàêàçíèê ðàéîííîãî çíà÷åíèÿ
30.3700161472583,55.5029649031437,27494,Âîñëåïíî,Çàêàçíèê ðàéîííîãî çíà÷åíèÿ
30.0238128710234,53.251119903154,26427,Ñïðîâàíîâî,Çàêàçíèê ðàéîííîãî çíà÷åíèÿ
29.7803061983255,53.2762694321603,26403,Áåëîå,Çàêàçíèê ðàéîííîãî çíà÷åíèÿ
29.8696014523814,53.3198957995539,26408,Âåëèêîå Îçåðî,Çàêàçíèê ðàéîííîãî çíà÷åíèÿ
29.7872539307023,53.3053304598308,26409,Ãëàäûøè,Çàêàçíèê ðàéîííîãî çíà÷åíèÿ
29.4856004972185,53.5816103054327,26826,Õðèñòû,Çàêàçíèê ðàéîííîãî çíà÷åíèÿ
29.6127191200101,53.6373535560874,26812,Äóáðîâà,Çàêàçíèê ðàéîííîãî çíà÷åíèÿ
29.7047965217648,53.6547246632776,26817,Ëàçîâèöà,Çàêàçíèê ðàéîííîãî çíà÷åíèÿ
28.0912499735272,55.2675425891611,27492,Õîëìî-ãîðû,Çàêàçíèê ðàéîííîãî çíà÷åíèÿ
26.9288414591109,52.890835206163,26572,Ìîðî÷àíñêèé,Çàêàçíèê ðàéîííîãî çíà÷åíèÿ
24.9367117445186,53.6839525289855,26959,"Ïàðê ""Áîëüøîå Ìîæåéêîâî""",Ïàìÿòíèê ïðèðîäû ðåñïóáëèêàíñêîãî çíà÷åíèÿ
26.2925788128368,54.1915068811856,27430,Ñèíÿÿ ãîðà,Ïàìÿòíèê ïðèðîäû ðåñïóáëèêàíñêîãî çíà÷åíèÿ
28.6849454883591,51.5414980940212,26438,Íàñàæäåíèå ñîñíû,Ïàìÿòíèê ïðèðîäû ðàéîííîãî çíà÷åíèÿ
30.8864290483473,53.7847233589362,26860,Çàêàçíèê,Çàêàçíèê ðàéîííîãî çíà÷åíèÿ
26.5210636859836,54.5750411075342,26534,Ìàðòèøêè (Áåðåçû),Çàêàçíèê ðàéîííîãî çíà÷åíèÿ
29.522218812479,54.9819587504245,26301,"Ïàðê ""Ñîëîìèíêà""",Ïàìÿòíèê ïðèðîäû ðàéîííîãî çíà÷åíèÿ
29.1538678072243,55.0569650423114,26300,Ïàðê ä. Äâîð Íèçãîëîâî,Ïàìÿòíèê ïðèðîäû îáëàñòíîãî çíà÷åíèÿ
25.7909889902357,52.2844625272514,26927,"Ïàðê ""Ïîðå÷üå""",Ïàìÿòíèê ïðèðîäû ðåñïóáëèêàíñêîãî çíà÷åíèÿ
26.7196268186014,51.8241240155769,26267,"Ïàðê ""Íèæíå-Òåðåáåæîâñêèé""",Ïàìÿòíèê ïðèðîäû ðàéîííîãî çíà÷åíèÿ
27.438314709635,53.7932410423373,27445,Àëüáà,Çàêàçíèê ðàéîííîãî çíà÷åíèÿ
27.6389548169503,53.3563225362396,26657,Âåòåðåâè÷ñêèé,Çàêàçíèê ðàéîííîãî çíà÷åíèÿ
29.33856440527,51.9330850749514,26449,Íàñàæäåíèå ñîñíû,Ïàìÿòíèê ïðèðîäû ðàéîííîãî çíà÷åíèÿ
24.2091989370057,53.5343821468701,27020,"Êîòëîâèíû ""Ãóìíèùå"" è ""Ïîäáåðåçüå""",Ïàìÿòíèê ïðèðîäû ðåñïóáëèêàíñêîãî çíà÷åíèÿ
26.9244348840737,54.8822264950652,26769,"Ïàðê ""Ñòàðûé Ìÿäåëü""",Ïàìÿòíèê ïðèðîäû ðàéîííîãî çíà÷åíèÿ
26.9185820809897,54.8711549493501,26770,Ïàðê Ïîáåäû â ãîðîäå Ìÿäåëü,Ïàìÿòíèê ïðèðîäû ðàéîííîãî çíà÷åíèÿ
26.6199286947716,54.9760068103058,26969,"Ãðÿäà ""Òþêøèíñêàÿ""",Ïàìÿòíèê ïðèðîäû ðåñïóáëèêàíñêîãî çíà÷åíèÿ
27.2839707333464,55.7735705399478,27595,Íèêóëüñêèé ðîäíèê,Ïàìÿòíèê ïðèðîäû ðàéîííîãî çíà÷åíèÿ
27.0057252970153,55.7139254541176,27598,Ðîäíèê Îêìåíèöà,Ïàìÿòíèê ïðèðîäû ðàéîííîãî çíà÷åíèÿ
28.5617994627646,52.7786406843504,26875,Äóáðàâà,Ïàìÿòíèê ïðèðîäû ðàéîííîãî çíà÷åíèÿ
23.421391551357,52.3453106034924,26229,Äîëáíåâî,Çàêàçíèê ðàéîííîãî çíà÷åíèÿ
24.9345075935615,52.9045859776899,26146,Ðóæàíñêàÿ ïóùà,Çàêàçíèê ðåñïóáëèêàíñêîãî çíà÷åíèÿ
29.0379210294723,55.1626256740658,26171,Êðèâîå,Çàêàçíèê ðåñïóáëèêàíñêîãî çíà÷åíèÿ
30.2593100459888,54.966894589004,26155,×èñòèê,Çàêàçíèê ðåñïóáëèêàíñêîãî çíà÷åíèÿ
25.4475359863631,53.8057390121133,26194,Äîêóäîâñêèé,Çàêàçíèê ðåñïóáëèêàíñêîãî çíà÷åíèÿ
29.3006815517977,52.0147677185488,26182,Ìîçûðñêèå îâðàãè,Çàêàçíèê ðåñïóáëèêàíñêîãî çíà÷åíèÿ
25.8240646553177,51.9974726664618,27632,Ïåðåõðåñòåíñêèå áåðåñòû,Ïàìÿòíèê ïðèðîäû ðàéîííîãî çíà÷åíèÿ
25.7724635202608,52.0915452973223,27634,Ó÷àñòîê ïðîèçðàñòàíèÿ ïèõòû áåëîé â ïàðêå ä. Äóáîå,Ïàìÿòíèê ïðèðîäû ðåñïóáëèêàíñêîãî çíà÷åíèÿ
26.1349394045242,53.3781790428031,27630,"Äóáû-áëèçíåöû ""Òóãàíîâè÷ñêèå""",Ïàìÿòíèê ïðèðîäû ðåñïóáëèêàíñêîãî çíà÷åíèÿ
28.0169565602611,53.7524265673793,27660,"Ñîñíû ÷¸ðíûå ""Ñìèëîâè÷ñêèå""",Ïàìÿòíèê ïðèðîäû ðåñïóáëèêàíñêîãî çíà÷åíèÿ
23.8380166771165,53.2989011916377,27673,"Ñòàðèííàÿ ïàðêîâàÿ óñàäüáà ""Ëèøêè""",Ïàìÿòíèê ïðèðîäû ðàéîííîãî çíà÷åíèÿ
25.5984725948184,53.6583359546654,27681,Èçâåíñêèé,Çàêàçíèê ðàéîííîãî çíà÷åíèÿ
28.1870961380114,54.5639366816248,27685,Ïàðê â ä.Ìñòèæ,Ïàìÿòíèê ïðèðîäû ðàéîííîãî çíà÷åíèÿ
27.150224261776,53.0590646653293,27697,"Ïèõòà êàëèôîðíèéñêàÿ ""×èæåâè÷ñêàÿ""",Ïàìÿòíèê ïðèðîäû ðåñïóáëèêàíñêîãî çíà÷åíèÿ
26.7293160248436,54.5391914336547,27703,Ðîäíèê Ñòðåæ,Ïàìÿòíèê ïðèðîäû ðàéîííîãî çíà÷åíèÿ
30.4004079899137,54.8396994130428,27711,Ðóäåöêîå,Çàêàçíèê ðàéîííîãî çíà÷åíèÿ
26.9088284379395,54.8490320543884,27717,"""Áîëüøîé êàìåíü êî÷åðãèíñêèé""",Ïàìÿòíèê ïðèðîäû ðàéîííîãî çíà÷åíèÿ
28.5230341213924,55.9882161260622,26151,Êðàñíûé Áîð,Çàêàçíèê ðåñïóáëèêàíñêîãî çíà÷åíèÿ
24.8902990701973,52.8611770178922,27743,Øêîëüíûé äåíäðàðèé,Ïàìÿòíèê ïðèðîäû ðàéîííîãî çíà÷åíèÿ
27.898839330318,55.8734687686417,27754,Âåëèêèé êàìåíü Ñàðüÿíñêèé,Ïàìÿòíèê ïðèðîäû ðàéîííîãî çíà÷åíèÿ
27.9514738124021,55.7055560164429,27755,Âåëèêèé êàìåíü Õàðàáðîâñêèé,Ïàìÿòíèê ïðèðîäû ðàéîííîãî çíà÷åíèÿ
25.6669770443499,52.4842632649172,26225,Áîëüøîé ßìèíåö,Çàêàçíèê ðàéîííîãî çíà÷åíèÿ
29.8070980423735,54.3716111263769,26293,Ñêðèïóò¸âî,Çàêàçíèê ðàéîííîãî çíà÷åíèÿ
23.3210604667248,52.2286838336229,27762,Ðîäíèê îêîëî ä.Ñòàâû,Ïàìÿòíèê ïðèðîäû ðàéîííîãî çíà÷åíèÿ
23.4869898100197,52.3296240248033,26227,Âîðîõîâî,Çàêàçíèê ðàéîííîãî çíà÷åíèÿ
31.6354771486852,53.9527455898526,26844,Øèðèíà è Ïîäðå÷üå,Çàêàçíèê ðàéîííîãî çíà÷åíèÿ
26.784547397431,55.6518327745455,27802,"Âàëóí ""Áîëüøîé êàìåíü"" ìåæàíñêèé",Ïàìÿòíèê ïðèðîäû ðåñïóáëèêàíñêîãî çíà÷åíèÿ
30.1145598052376,54.2660530533424,27811,Îòäåëüíî ñòîÿùèå äóáû,Ïàìÿòíèê ïðèðîäû ðàéîííîãî çíà÷åíèÿ
29.149145517361,55.8146054447768,27777,Êåäðîâñêèé Êàìåíü Êðåñòîâñêèé,Ïàìÿòíèê ïðèðîäû ðàéîííîãî çíà÷åíèÿ
31.3159314089469,53.6832119047952,27814,"Êðèíèöà ""Áðåçãóí""",Ïàìÿòíèê ïðèðîäû ðàéîííîãî çíà÷åíèÿ
29.9211440266379,52.4813066327353,27822,Ó÷àñòêè øèðîêîëèñòâåííî-ñîñíîâûõ ëåñîâ,Ïàìÿòíèê ïðèðîäû ðàéîííîãî çíà÷åíèÿ
26.6810035953864,55.7033441374825,27800,"Âàëóí ""×åðòîâ êàìåíü"" ðè÷åâñêèé",Ïàìÿòíèê ïðèðîäû ðåñïóáëèêàíñêîãî çíà÷åíèÿ
27.0328353407832,55.7200142930844,27796,"Âàëóí ""Áîëüøîé êàìåíü"" äóäàëüñêèé",Ïàìÿòíèê ïðèðîäû ðåñïóáëèêàíñêîãî çíà÷åíèÿ
27.6535508792949,55.5706898734981,27853,Ñèìêîâ Ñêàðáîâûé Êàìåíü,Ïàìÿòíèê ïðèðîäû ðàéîííîãî çíà÷åíèÿ
31.3305441092378,53.5414204108057,27815,"Êðèíèöà ""Ãîðêè""",Ïàìÿòíèê ïðèðîäû ðàéîííîãî çíà÷åíèÿ
24.6421091519617,53.5771612727694,27861,"Âàëóí ""Çàðå÷åíñêèé""",Ïàìÿòíèê ïðèðîäû ðåñïóáëèêàíñêîãî çíà÷åíèÿ
24.7195541799877,53.6430785037416,27869,"Âàëóíû ""Òîïèëèøêèíñêèå""",Ïàìÿòíèê ïðèðîäû ðåñïóáëèêàíñêîãî çíà÷åíèÿ
24.699283279291,53.8822535228292,27865,"Âàëóí ""Ñòàðîïîääóáåíñêèé""",Ïàìÿòíèê ïðèðîäû ðåñïóáëèêàíñêîãî çíà÷åíèÿ
24.9964786096539,53.0171309805943,27882,"Âàëóí ""Áîëüøîé êàìåíü"" êðàêîòñêèé",Ïàìÿòíèê ïðèðîäû ðåñïóáëèêàíñêîãî çíà÷åíèÿ
31.0908867347897,54.0856557674575,27888,Áðàòñòâî,Çàêàçíèê ðàéîííîãî çíà÷åíèÿ
31.1006074072434,53.7849338742307,27901,Âàëóí,Ïàìÿòíèê ïðèðîäû ðàéîííîãî çíà÷åíèÿ
25.817044703984,53.6373732127496,27905,"Âàëóí ""Áîëüøîé êàìåíü"" ëèòîâñêèé",Ïàìÿòíèê ïðèðîäû ðåñïóáëèêàíñêîãî çíà÷åíèÿ
29.7785684173892,54.1647025531113,27925,Êðèíèöà,Ïàìÿòíèê ïðèðîäû ðàéîííîãî çíà÷åíèÿ
29.2158779944483,53.4199098611071,27955,Êðèíèöà êîëõîçà èì. Ëåíèíà,Ïàìÿòíèê ïðèðîäû ðàéîííîãî çíà÷åíèÿ
29.5165437572292,54.1046685483021,27926,"Îçåðî ""Õîòîìëå""",Ïàìÿòíèê ïðèðîäû ðàéîííîãî çíà÷åíèÿ
28.1836025618365,54.4575455438799,27986,Áèîëîãè÷åñêèé çàêàçíèê ìåñòíîãî çíà÷åíèÿ ïî âîñïðîèçâîäñòâó áåëîâåæñêèõ çóáðîâ,Çàêàçíèê ðàéîííîãî çíà÷åíèÿ
28.0924731301674,52.0087356129219,26120,Ïðèïÿòñêèé,Íàöèîíàëüíûé ïàðê
30.3370076846214,53.8999582688085,27122,Èñòîðè÷åñêèé öåíòð ã Ìîãèëåâà,Èñòîðèêî-êóëüòóðíàÿ öåííîñòü
28.2497838447655,54.2402524949055,28041,Áîðèñîâñêèé,Çàêàçíèê ðåñïóáëèêàíñêîãî çíà÷åíèÿ
26.4647999921115,54.9505861623099,28043,Áîëüøîé Áîëöèêñêèé,Ïàìÿòíèê ïðèðîäû ðåñïóáëèêàíñêîãî çíà÷åíèÿ
27.9221320351429,55.7650927391026,27485,Ãîðîäñêîé ïàðê,Çàêàçíèê ðàéîííîãî çíà÷åíèÿ
27.0490093277839,52.8945547086091,26569,Âîëêà,Çàêàçíèê ðàéîííîãî çíà÷åíèÿ
28.0110595674579,51.6119458039846,26366,Ðå÷èöà,Çàêàçíèê ðàéîííîãî çíà÷åíèÿ
29.6329967713506,52.6210813051799,26431,Êó÷èíñêèé Ìîõ,Çàêàçíèê ðàéîííîãî çíà÷åíèÿ
29.8658010668025,53.2723865439265,26412,Çàçåðüå-Áàäååâî,Çàêàçíèê ðàéîííîãî çíà÷åíèÿ
29.8437488741522,53.3327405383468,26429,Óëèöû,Çàêàçíèê ðàéîííîãî çíà÷åíèÿ
28.7995049866738,52.8456213148099,26799,Ãîðåëîå,Çàêàçíèê ðàéîííîãî çíà÷åíèÿ
30.7882370677285,54.3164248328001,26803,Êóêøèíñêèé Ìîõ,Çàêàçíèê ðàéîííîãî çíà÷åíèÿ
29.5342789857814,53.5718934064694,26807,Áîëüøîé ìîõ,Çàêàçíèê ðàéîííîãî çíà÷åíèÿ
29.1095742876082,53.3841914396369,26818,Ëþòèíî-I,Çàêàçíèê ðàéîííîãî çíà÷åíèÿ
29.7597272682407,53.6514319084069,26823,Ïîääóáüå,Çàêàçíèê ðàéîííîãî çíà÷åíèÿ
24.660189027338,53.1345530178143,26543,Âèøíåâêà,Çàêàçíèê ðàéîííîãî çíà÷åíèÿ
25.1011791102018,53.311659876249,26483,Ëèõîìî÷üå,Çàêàçíèê ðàéîííîãî çíà÷åíèÿ
30.081417226996,55.1696702344327,26282,×åðòîâà áîðîäà,Çàêàçíèê ðàéîííîãî çíà÷åíèÿ
27.3402610455946,53.4741533102116,27549,Èñòîêè ðåêè Íåìàí,Çàêàçíèê ðàéîííîãî çíà÷åíèÿ
31.5304089862181,53.589759169059,27579,Âåïðèíñêàÿ Äóáðàâà,Ïàìÿòíèê ïðèðîäû ðåñïóáëèêàíñêîãî çíà÷åíèÿ
26.4098030458547,54.1665083832391,27432,"Ãîðà ""Õîä÷èõà""",Ïàìÿòíèê ïðèðîäû ðåñïóáëèêàíñêîãî çíà÷åíèÿ
28.1143880470293,53.8905969406466,27428,Ïåêàëèíñêèé,Çàêàçíèê ðåñïóáëèêàíñêîãî çíà÷åíèÿ
27.7390368256464,55.1475859897104,26932,Ãëóáîêñêèé äåíäðîëîãè÷åñêèé ñàä,Ïàìÿòíèê ïðèðîäû ðåñïóáëèêàíñêîãî çíà÷åíèÿ
29.5480038479204,55.3686559191811,27472,Ïëèãîâñêèé âàëóí,Ïàìÿòíèê ïðèðîäû ðåñïóáëèêàíñêîãî çíà÷åíèÿ
29.4616204110722,55.044434480313,26299,Ïàðê ãï Áåøåíêîâè÷è,Ïàìÿòíèê ïðèðîäû ðàéîííîãî çíà÷åíèÿ
28.9660572401687,55.9426294047866,27011,"""Îçîâàÿ ãðàäà Ðûëè""",Ïàìÿòíèê ïðèðîäû ðàéîííîãî çíà÷åíèÿ
24.3497387524797,52.2010541986928,26922,Ïàðê èìåíè Àëåêñàíäðà Âàñèëüåâè÷à Ñóâîðîâà,Ïàìÿòíèê ïðèðîäû ðåñïóáëèêàíñêîãî çíà÷åíèÿ
27.899722752877,55.2872638572048,26326,Ãðÿäà Çåíêåâè÷à,Ïàìÿòíèê ïðèðîäû ðàéîííîãî çíà÷åíèÿ
28.8813178794679,51.9310806500996,26377,×åðòåíü,Çàêàçíèê ðàéîííîãî çíà÷åíèÿ
27.5286532995825,55.6836807354097,27017,"""Áóÿíîóñêè ïàãîðàê Àñòàíåö""",Ïàìÿòíèê ïðèðîäû ðàéîííîãî çíà÷åíèÿ
26.1115463703887,53.3735926686447,27517,"""Êàìåíü ôèëàðåòîâ""",Ïàìÿòíèê ïðèðîäû ðåñïóáëèêàíñêîãî çíà÷åíèÿ
26.6762328244415,54.8772451956155,26966,"Áåðåãîâîé óñòóï ""Ñòåïåíåâñêèé""",Ïàìÿòíèê ïðèðîäû ðåñïóáëèêàíñêîãî çíà÷åíèÿ
26.85678386309,54.9490842394231,26971,"Ïîëóîñòðîâ ""Äóáîâàÿ ãîðà""",Ïàìÿòíèê ïðèðîäû ðåñïóáëèêàíñêîãî çíà÷åíèÿ
26.7107015728718,54.8623587866094,26972,"Ïîëóîñòðîâ ""Íàíîñû""",Ïàìÿòíèê ïðèðîäû ðåñïóáëèêàíñêîãî çíà÷åíèÿ
28.3788738131991,52.7416617500748,26876,Äóáðàâà,Ïàìÿòíèê ïðèðîäû ðàéîííîãî çíà÷åíèÿ
27.7400013639349,52.9524992974848,26977,"Íàñàæäåíèå ëèñòâåííèöû, äóáà è ñîñíû ""Óðå÷ñêîå""",Ïàìÿòíèê ïðèðîäû ðåñïóáëèêàíñêîãî çíà÷åíèÿ
26.9832534508336,54.003405919932,27433,"Îáíàæåíèå ""Ïîëî÷àíû""",Ïàìÿòíèê ïðèðîäû ðåñïóáëèêàíñêîãî çíà÷åíèÿ
25.9127543261471,53.4299974194516,26196,Ñâèòÿçÿíñêèé,Çàêàçíèê ðåñïóáëèêàíñêîãî çíà÷åíèÿ
29.5494990185241,52.6092348588885,26184,×èðêîâè÷ñêèé,Çàêàçíèê ðåñïóáëèêàíñêîãî çíà÷åíèÿ
28.9624608288597,54.0950227761434,26200,×åðíåâñêèé,Çàêàçíèê ðåñïóáëèêàíñêîãî çíà÷åíèÿ
28.6036243414805,55.1005648437844,27620,"Ðîäíèê ""Áàðêîâùèíà""",Ïàìÿòíèê ïðèðîäû ðàéîííîãî çíà÷åíèÿ
30.7372939438408,54.6338326616565,27625,Áîðîäèíöåâñêàÿ êðèíèöà,Ïàìÿòíèê ïðèðîäû ðàéîííîãî çíà÷åíèÿ
27.7066170650673,54.8913841556821,27500,Ïîäîìõè,Çàêàçíèê ðàéîííîãî çíà÷åíèÿ
28.0498142776115,55.1016264954359,27640,Ãîðâàöêèé êàì,Ïàìÿòíèê ïðèðîäû ðàéîííîãî çíà÷åíèÿ
26.6561600220083,53.2034635824568,26975,"Ëåñîïàðê ""Àëüáà""",Ïàìÿòíèê ïðèðîäû ðåñïóáëèêàíñêîãî çíà÷åíèÿ
28.0957922189218,55.9139799037867,27648,"Äóá ÷åðåø÷àòûé ""Ñàõîíîâñêèé""",Ïàìÿòíèê ïðèðîäû ðåñïóáëèêàíñêîãî çíà÷åíèÿ
28.0971316205663,55.7523503462852,27650,"Äóáîâûå íàñàæäåíèÿ ""Òîáîëêè""",Ïàìÿòíèê ïðèðîäû ðàéîííîãî çíà÷åíèÿ
28.0666738542341,55.9738833547766,27651,"Äóáîâûå íàñàæäåíèÿ ""Ïàäàðû""",Ïàìÿòíèê ïðèðîäû ðàéîííîãî çíà÷åíèÿ
26.7325848885833,53.2909975602807,27658,"Íàñàæäåíèå ñ ó÷àñòèåì ýêçîòîâ ""Ãîðîäåéñêîå""",Ïàìÿòíèê ïðèðîäû ðåñïóáëèêàíñêîãî çíà÷åíèÿ
28.8249743959338,52.8377164962751,27661,Çãîäû,Çàêàçíèê ðàéîííîãî çíà÷åíèÿ
28.7824871298501,52.962236354102,27662,Ïðèäîðîæíûé,Çàêàçíèê ðàéîííîãî çíà÷åíèÿ
24.0095585391679,53.3566295893779,27672,"Ñòàðèííàÿ ïàðêîâàÿ óñàäüáà ""Ìàññîëÿíû""",Ïàìÿòíèê ïðèðîäû ðàéîííîãî çíà÷åíèÿ
29.9881824985206,55.4081360340144,27644,Äóá Âåëèêàí,Ïàìÿòíèê ïðèðîäû ðàéîííîãî çíà÷åíèÿ
26.5433858712004,53.8389859859354,27677,Óñàäüáà Ô.Ý.Äçåðæèíñêîãî ñ ïðèëåãàþùèì ó÷àñòêîì ëåñà,Ïàìÿòíèê ïðèðîäû ðåñïóáëèêàíñêîãî çíà÷åíèÿ
24.9960308119094,53.1208273989633,27680,Äóá-òðîéíèê,Ïàìÿòíèê ïðèðîäû ðàéîííîãî çíà÷åíèÿ
26.4496519642774,53.5697600961389,26193,Ìèðàíêà,Çàêàçíèê ðåñïóáëèêàíñêîãî çíà÷åíèÿ
24.9204327234356,53.1239592500488,26191,Ìåäóõîâî,Çàêàçíèê ðåñïóáëèêàíñêîãî çíà÷åíèÿ
29.3093847609949,55.4715437004969,26167,Êîçüÿíñêèé,Çàêàçíèê ðåñïóáëèêàíñêîãî çíà÷åíèÿ
26.9492217063612,53.2590054866459,27699,"Êë¸íû ëîæíîïëàòàíîâûå ""Áîáîâíÿíñêèå""",Ïàìÿòíèê ïðèðîäû ðåñïóáëèêàíñêîãî çíà÷åíèÿ
29.9373044282981,54.8025655740797,27710,Ëåâàíîâî,Çàêàçíèê ðàéîííîãî çíà÷åíèÿ
27.1976553106282,54.9269077492171,27713,"""Áîëüøîé êàìåíü æîñíåíñêèé""",Ïàìÿòíèê ïðèðîäû ðàéîííîãî çíà÷åíèÿ
30.9682926045866,54.1721534552508,27723,Ãîðåëîå,Çàêàçíèê ðàéîííîãî çíà÷åíèÿ
28.3008372567128,54.5284358668701,27725,"Ïàðê-àëëåÿ ""Áóäåíè÷è""",Ïàìÿòíèê ïðèðîäû ðàéîííîãî çíà÷åíèÿ
26.9375344472923,54.9417479023033,27727,"Âàëóí ""Áîëüøîé êàìåíü"" þøêîâè÷ñêèé",Ïàìÿòíèê ïðèðîäû ðåñïóáëèêàíñêîãî çíà÷åíèÿ
26.7953100176513,54.793909311027,27737,"Âàëóí ""Ñåäëîâîé êàìåíü"" çàíàðî÷àíñêèé",Ïàìÿòíèê ïðèðîäû ðåñïóáëèêàíñêîãî çíà÷åíèÿ
25.7445751164189,52.4985009499742,27746,Òóðíÿíñêèå ÷¸ðíûå áåð¸çû,Ïàìÿòíèê ïðèðîäû ðàéîííîãî çíà÷åíèÿ
29.6909727726229,55.3278250635354,27749,"Ðîäíèê ""Ïÿòåíêà""",Ïàìÿòíèê ïðèðîäû ðàéîííîãî çíà÷åíèÿ
30.4970055911753,52.7649161048564,27823,"Äóá ÷åðåø÷àòûé ""Áóäà-Êîøåëåâñêèé-1""",Ïàìÿòíèê ïðèðîäû ðåñïóáëèêàíñêîãî çíà÷åíèÿ
26.7451384445949,55.4282779600582,27793,"Âàëóí ""Êàìåíü â ïðèäàòêàõ"" ñèïîâè÷ñêèé",Ïàìÿòíèê ïðèðîäû ðåñïóáëèêàíñêîãî çíà÷åíèÿ
28.1619038823972,55.4187233382274,27847,Òàðåëêîâûé Êàìåíü ßçíåíñêèé,Ïàìÿòíèê ïðèðîäû ðàéîííîãî çíà÷åíèÿ
27.3736431919758,55.6375627325969,27855,Ïåðåáðîäñêèé Âàëóí Ñëåäîâèê,Ïàìÿòíèê ïðèðîäû ðàéîííîãî çíà÷åíèÿ
28.9718691122021,54.2692856410982,27841,"Ðîäíèê ""Áåçäîííàÿ ÿìà""",Ïàìÿòíèê ïðèðîäû ðàéîííîãî çíà÷åíèÿ
29.2227820080537,54.1398803462078,27842,Ðîäíèê â ä. Ñòàðûé Ñîêîë,Ïàìÿòíèê ïðèðîäû ðàéîííîãî çíà÷åíèÿ
29.8989826262041,52.7083638668228,26341,Êàíàâíîå,Çàêàçíèê ðàéîííîãî çíà÷åíèÿ
28.8950099730131,55.8709163861623,27780,Âàëóí Çàîç¸ðñêèé,Ïàìÿòíèê ïðèðîäû ðàéîííîãî çíà÷åíèÿ
27.8460019180119,55.9895648383186,27751,Ðîäíèê â óðî÷èùå Ïåòðîâùèíà,Ïàìÿòíèê ïðèðîäû ðàéîííîãî çíà÷åíèÿ
28.4817301413911,55.7226499980368,27753,Âåëèêèé êàìåíü Ïåðåêñêèé,Ïàìÿòíèê ïðèðîäû ðàéîííîãî çíà÷åíèÿ
27.0828686673879,55.3950346007273,27838,"Òîðôÿíîé çàêàçíèê ""Ëåñíîå""",Çàêàçíèê ðàéîííîãî çíà÷åíèÿ
26.7414770550576,54.4082543235114,27873,Ñëîáîäñêàÿ âûäìà,Ïàìÿòíèê ïðèðîäû ðàéîííîãî çíà÷åíèÿ
25.1672516695531,54.1613097156803,27879,"Âàëóí ""×åñëàâ êàìåíü"" âîðîíîâñêèé",Ïàìÿòíèê ïðèðîäû ðåñïóáëèêàíñêîãî çíà÷åíèÿ
32.2386542283086,53.3896490919405,27893,Ïðèðîäíàÿ êðèíèöà ä.Òóïè÷èíî,Ïàìÿòíèê ïðèðîäû ðàéîííîãî çíà÷åíèÿ
29.716201869649,54.8136487245888,27894,"Ðîäíèê ""Êàïëè÷êà""",Ïàìÿòíèê ïðèðîäû ðàéîííîãî çíà÷åíèÿ
26.4558803263826,54.3722130687861,27911,"Âàëóí ""Êîøà÷èé êàìåíü""",Ïàìÿòíèê ïðèðîäû ðåñïóáëèêàíñêîãî çíà÷åíèÿ
26.2111282658662,54.3456292657897,27915,"Âàëóí ""Áîëüøîé êàìåíü"" ïîëòîðàâùèíñêèé",Ïàìÿòíèê ïðèðîäû ðåñïóáëèêàíñêîãî çíà÷åíèÿ
29.8028022744095,53.3996146944535,27928,Ó÷àñòîê ëåñà ñ öåííûìè äðåâåñíûìè ïîðîäàìè,Ïàìÿòíèê ïðèðîäû ðåñïóáëèêàíñêîãî çíà÷åíèÿ
31.0869986574415,53.5560618560214,27937,"Òîðôÿíîå ìåñòîðîæäåíèå ""Äóáðîâñêîå""",Çàêàçíèê ðàéîííîãî çíà÷åíèÿ
30.9520701075475,53.5296660101626,27940,"Òîðôÿíîå ìåñòîðîæäåíèå ""Ïåòðî÷åíêîâ óãîë""",Çàêàçíèê ðàéîííîãî çíà÷åíèÿ
29.3562170537769,53.3981189407078,27946,Ãëóáîêèé Ëîã,Çàêàçíèê ðàéîííîãî çíà÷åíèÿ
29.5007670809263,54.187255121622,26833,Ùèòîê,Çàêàçíèê ðàéîííîãî çíà÷åíèÿ
29.4402615407703,53.4507329548863,27960,Áèîðäîâñêîå ëåñîíàñàæäåíèå,Ïàìÿòíèê ïðèðîäû ðåñïóáëèêàíñêîãî çíà÷åíèÿ
29.3829268740182,53.5628169735286,27979,Ìîêðîå-1,Çàêàçíèê ðàéîííîãî çíà÷åíèÿ
32.7233159695654,53.380355174307,27992,"Óðî÷èùå ""Çàéöåâ ëóã""",Ïàìÿòíèê ïðèðîäû ðàéîííîãî çíà÷åíèÿ
27.5416093280935,55.0913842879172,28056,Îëüõîâèêè,Ïàìÿòíèê ïðèðîäû ðåñïóáëèêàíñêîãî çíà÷åíèÿ
30.0858145738571,52.9358782308221,26339,Àëåêñàíäðîâñêèé Ìîõ,Çàêàçíèê ðàéîííîãî çíà÷åíèÿ
25.5847665705453,54.3676621717331,27542,Ïîãðàíè÷íûé,Çàêàçíèê ðàéîííîãî çíà÷åíèÿ
27.8922638725843,55.9113490226384,26277,Ñàðüÿíñêèé,Çàêàçíèê ðàéîííîãî çíà÷åíèÿ
25.6283723650953,53.8422534815232,27543,Ðàçäîðû,Çàêàçíèê ðàéîííîãî çíà÷åíèÿ
27.4261888204526,55.7431589604336,27484,ßíåëüñêàÿ êîòëîâèíà,Çàêàçíèê ðàéîííîãî çíà÷åíèÿ
28.0443259038828,55.4396964348068,27512,Æàäà (Ñòðå÷íî),Çàêàçíèê ðàéîííîãî çíà÷åíèÿ
26.5228038556722,54.4847444648205,27548,Ìèöêåâè÷ñêèé,Çàêàçíèê ðàéîííîãî çíà÷åíèÿ
28.3294806123334,51.6744465038608,26360,Ëîõíèöêîå,Çàêàçíèê ðàéîííîãî çíà÷åíèÿ
29.8915306136361,52.2381083796484,26396,Çàêðîøèíñêèé ìîõ,Çàêàçíèê ðàéîííîãî çíà÷åíèÿ
29.3910744639636,53.616965655046,26809,Âÿçåíü,Çàêàçíèê ðàéîííîãî çíà÷åíèÿ
29.6173737080389,53.5069501391352,26810,Ãîí÷àíñêîå,Çàêàçíèê ðàéîííîãî çíà÷åíèÿ
29.5396918345043,53.604329604674,26824,Ñîñíîâêà,Çàêàçíèê ðàéîííîãî çíà÷åíèÿ
27.3763306269606,55.684974519449,27015,Âîó÷àÿ ãàðà,Çàêàçíèê ðàéîííîãî çíà÷åíèÿ
26.2498728410258,52.7446870550712,27550,Ïîäâåëèêèé Ìîõ,Çàêàçíèê ðåñïóáëèêàíñêîãî çíà÷åíèÿ
29.7712287129006,55.25005002621,27471,Ìîðîçîâñêèé âàëóí,Ïàìÿòíèê ïðèðîäû ðåñïóáëèêàíñêîãî çíà÷åíèÿ
28.0899601911351,56.0900928753798,26152,Îñâåéñêèé,Çàêàçíèê ðåñïóáëèêàíñêîãî çíà÷åíèÿ
29.8694440213859,52.2045129454047,27578,Íàñàæäåíèÿ äóáà,Ïàìÿòíèê ïðèðîäû ðàéîííîãî çíà÷åíèÿ
30.5937735819054,52.0540626109293,27007,"Ó÷àñòîê ïðîèçðàñòàíèÿ äóáà, ÿñåíÿ",Ïàìÿòíèê ïðèðîäû ðàéîííîãî çíà÷åíèÿ
28.94061424688,51.8553775776606,26436,Äóáðàâà,Ïàìÿòíèê ïðèðîäû ðàéîííîãî çíà÷åíèÿ
25.2661713515278,53.1586877117249,27021,"Ãîðà ""Êîëïàê""",Ïàìÿòíèê ïðèðîäû ðåñïóáëèêàíñêîãî çíà÷åíèÿ
29.0252739673035,54.0645624907928,27476,×åðíåâè÷ñêèé,Çàêàçíèê ðåñïóáëèêàíñêîãî çíà÷åíèÿ
29.1944727037072,54.4850537537768,26172,Ñåëÿâà,Çàêàçíèê ðåñïóáëèêàíñêîãî çíà÷åíèÿ
30.3218850492586,53.8978477879347,27582,Âåêîâîå äåðåâî äóá,Ïàìÿòíèê ïðèðîäû ðàéîííîãî çíà÷åíèÿ
28.6431080285658,52.4418692778549,27577,Äóáðàâà â êâ.86,Ïàìÿòíèê ïðèðîäû ðàéîííîãî çíà÷åíèÿ
29.7155706243611,55.1903463983446,27473,Ïîëòåâñêèé âàëóí,Ïàìÿòíèê ïðèðîäû ðåñïóáëèêàíñêîãî çíà÷åíèÿ
29.6822552399913,55.0240551583674,26271,Ñîðæèöêèé ìîõ,Çàêàçíèê ðàéîííîãî çíà÷åíèÿ
23.6121916672074,52.1215697586522,27482,Áàðáàñòåëëà,Çàêàçíèê ðàéîííîãî çíà÷åíèÿ
30.9727721544795,53.8063006513087,26896,Ãîðîäñêîé ïàðê,Ïàìÿòíèê ïðèðîäû ðàéîííîãî çíà÷åíèÿ
27.8757036880757,55.3570654456795,26328,Ìåñòå÷êîâàÿ Äîëèíà,Ïàìÿòíèê ïðèðîäû ðàéîííîãî çíà÷åíèÿ
26.644105278498,53.7721500743361,27589,Ðîäíèê Êðàñíûé,Ïàìÿòíèê ïðèðîäû ðàéîííîãî çíà÷åíèÿ
29.7827240286323,52.9663163548239,26944,"Ïàðê ""Êðàñíûé Áåðåã""",Ïàìÿòíèê ïðèðîäû ðåñïóáëèêàíñêîãî çíà÷åíèÿ
28.1678405924717,51.7829736351026,26997,Óíèêàëüíûé ó÷àñòîê ëåñà 4,Ïàìÿòíèê ïðèðîäû ðàéîííîãî çíà÷åíèÿ
28.2089875736681,51.8054026448403,26998,Óíèêàëüíûé ó÷àñòîê ëåñà 5,Ïàìÿòíèê ïðèðîäû ðàéîííîãî çíà÷åíèÿ
25.305260104033,54.2376618576929,26948,"Ïàðê ÑÏÊ ""Ýëèò-Àãðî"" è óðî÷èùå ""Ãàèê""",Ïàìÿòíèê ïðèðîäû ðåñïóáëèêàíñêîãî çíà÷åíèÿ
26.3982959559415,54.9007608567401,26768,"Ïàðê ""Êîìàðîâî""",Ïàìÿòíèê ïðèðîäû ðàéîííîãî çíà÷åíèÿ
26.7905813384739,54.8847622783963,26973,"Ïîëóîñòðîâ ""×åðåâêè""",Ïàìÿòíèê ïðèðîäû ðåñïóáëèêàíñêîãî çíà÷åíèÿ
27.217933653676,55.6960039832257,27599,Ðîäíèê Ïåòêóí,Ïàìÿòíèê ïðèðîäû ðàéîííîãî çíà÷åíèÿ
27.3000427916599,55.7648866596426,27600,Òîëñòîãîðñêèé ðîäíèê,Ïàìÿòíèê ïðèðîäû ðàéîííîãî çíà÷åíèÿ
28.7005263326091,52.9019594004593,26878,"""Ñòàðîðå÷üå"" ð. Ïòè÷ü",Ïàìÿòíèê ïðèðîäû ðàéîííîãî çíà÷åíèÿ
27.4518356718773,53.9445808696326,26204,Ëåáÿæèé,Çàêàçíèê ðåñïóáëèêàíñêîãî çíà÷åíèÿ
24.404252446806,53.4356677559724,26987,"Îáíàæåíèå ""Äóáíî""",Ïàìÿòíèê ïðèðîäû ðåñïóáëèêàíñêîãî çíà÷åíèÿ
26.9239134720956,52.6916429965522,26126,Áîðñêèé,Çàêàçíèê ðåñïóáëèêàíñêîãî çíà÷åíèÿ
26.3882318968884,52.5706039663044,26128,Åëîâñêèé,Çàêàçíèê ðåñïóáëèêàíñêîãî çíà÷åíèÿ
23.370357383603,52.3653972503786,27628,"Äóá ïèðàìèäàëüíûé ""Âûñîêîâñêèé""",Ïàìÿòíèê ïðèðîäû ðåñïóáëèêàíñêîãî çíà÷åíèÿ
25.7777769818404,52.6155968644486,27635,Áîáðîâè÷ñêèé äóá,Ïàìÿòíèê ïðèðîäû ðàéîííîãî çíà÷åíèÿ
30.0369253966073,54.33229885293,27636,Ðàöåâñêèé ïàðê,Ïàìÿòíèê ïðèðîäû ðàéîííîãî çíà÷åíèÿ
26.5262284738453,53.1608617334906,27656,"Äóá ÷åðåø÷àòûé ""Êîçëîâñêèé""",Ïàìÿòíèê ïðèðîäû ðåñïóáëèêàíñêîãî çíà÷åíèÿ
28.7666645393193,53.0777610007524,27663,Æàëâèíåö-2,Çàêàçíèê ðàéîííîãî çíà÷åíèÿ
25.400840634047,53.0856566698472,27665,"Ëèïà êàðîëèíñêàÿ ""Àëüáåðòèíñêàÿ""",Ïàìÿòíèê ïðèðîäû ðåñïóáëèêàíñêîãî çíà÷åíèÿ
25.1732174673947,53.2274524031909,27666,"Äóá çèìíèé ""Ñåíüêîâùèíñêèé""",Ïàìÿòíèê ïðèðîäû ðåñïóáëèêàíñêîãî çíà÷åíèÿ
26.0235615563304,53.4732124191459,27669,"Êàøòàí âîñüìèòû÷èíêîâûé ""Ðàéöåâñêèé""",Ïàìÿòíèê ïðèðîäû ðåñïóáëèêàíñêîãî çíà÷åíèÿ
29.4554396525938,53.8692230724383,26216,Çàîçåðüå,Çàêàçíèê ðåñïóáëèêàíñêîãî çíà÷åíèÿ
24.9928958508061,53.1220573894599,27678,Äóá,Ïàìÿòíèê ïðèðîäû ðàéîííîãî çíà÷åíèÿ
26.2634762882751,54.2627216740256,27682,Îðäàøèíñêèé,Çàêàçíèê ðàéîííîãî çíà÷åíèÿ
28.1075007275145,54.5708335153954,27686,Ïàðê â ä.Âîðîâñêîãî,Ïàìÿòíèê ïðèðîäû ðàéîííîãî çíà÷åíèÿ
27.0146412303478,53.1487385610046,27696,"Äåðåâî ""×¸ðíàÿ áåð¸çà""",Ïàìÿòíèê ïðèðîäû ðàéîííîãî çíà÷åíèÿ
26.9501043422897,53.2584704458774,27698,"Êàøòàí âîñüìèòû÷èíêîâûé ""Áîáîâíÿíñêèé""",Ïàìÿòíèê ïðèðîäû ðåñïóáëèêàíñêîãî çíà÷åíèÿ
27.4543009647821,54.3262374759144,27700,"Ïàðê ""Ëóêîâåö""",Ïàìÿòíèê ïðèðîäû ðàéîííîãî çíà÷åíèÿ
26.7266175637077,54.5439626577524,27702,Ðåóòêà,Ïàìÿòíèê ïðèðîäû ðàéîííîãî çíà÷åíèÿ
29.6887832908989,54.8959913569763,27708,Êàïëàíñêèé ìîõ,Çàêàçíèê ðàéîííîãî çíà÷åíèÿ
30.0683384186917,54.8934494852921,27709,Êè÷èíñêèé,Çàêàçíèê ðàéîííîãî çíà÷åíèÿ
27.1152482253673,54.9298190108494,27714,"""Áîëüøîé êàìåíü ìîðãèíîâñêèé""",Ïàìÿòíèê ïðèðîäû ðàéîííîãî çíà÷åíèÿ
31.0501146540715,52.3729325374747,27718,Ìíåìîçèíà,Çàêàçíèê ðàéîííîãî çíà÷åíèÿ
27.7847259400528,51.5656272953126,27721,Ëèïà,Ïàìÿòíèê ïðèðîäû ðàéîííîãî çíà÷åíèÿ
26.7563912382506,54.9413943992333,27733,"Âàëóí ""Áîëüøîé êàìåíü"" ëåùèíñêèé",Ïàìÿòíèê ïðèðîäû ðåñïóáëèêàíñêîãî çíà÷åíèÿ
27.0779796014116,54.7807211899941,27734,"Âàëóí ""Áîëüøîé êàìåíü"" ìàöêèéñêèé",Ïàìÿòíèê ïðèðîäû ðåñïóáëèêàíñêîãî çíà÷åíèÿ
26.4540071491693,54.851681237684,27730,"Âàëóí ""Áîëüøîé êàìåíü"" êðàñíèöêèé",Ïàìÿòíèê ïðèðîäû ðåñïóáëèêàíñêîãî çíà÷åíèÿ
26.6332803086089,54.0127108513722,27742,Äóá Âåëèêàí,Ïàìÿòíèê ïðèðîäû ðàéîííîãî çíà÷åíèÿ
23.3459016565022,52.2835819857128,27758,Ñòàðèííûé ïàðê â ä.Ãðåìÿ÷à,Ïàìÿòíèê ïðèðîäû ðàéîííîãî çíà÷åíèÿ
23.7499543990868,52.4308303486,27760,Ðîäíèê â ä.Áåëåâî,Ïàìÿòíèê ïðèðîäû ðàéîííîãî çíà÷åíèÿ
29.4802388822448,55.1062329999124,27748,Âîðîíóõà,Ïàìÿòíèê ïðèðîäû ðàéîííîãî çíà÷åíèÿ
28.1400307904942,53.0282982361093,27768,Ñîëîí-Ñîëÿíêà,Çàêàçíèê ðàéîííîãî çíà÷åíèÿ
31.3798699537703,53.546950666177,27769,Ìåæëåäíèêîâîå îòëîæåíèå,Ïàìÿòíèê ïðèðîäû ðåñïóáëèêàíñêîãî çíà÷åíèÿ
28.8734251092699,55.879541843385,27781,Ïèëèïîâñêèé Áîëüøîé Êàìåíü,Ïàìÿòíèê ïðèðîäû ðàéîííîãî çíà÷åíèÿ
26.6798960306085,55.69531304611,27798,"Âàëóí ""Áîëüøîé êàìåíü"" àíèñèìîâè÷ñêèé",Ïàìÿòíèê ïðèðîäû ðåñïóáëèêàíñêîãî çíà÷åíèÿ
27.0080425049801,55.7356039019812,27808,"Âàëóí ""×åðòîâ ñëåä"" ÿêóáÿíñêèé",Ïàìÿòíèê ïðèðîäû ðåñïóáëèêàíñêîãî çíà÷åíèÿ
28.6694729107298,55.866804599241,27776,Âàëóí Ëàïåùèíñêèé,Ïàìÿòíèê ïðèðîäû ðàéîííîãî çíà÷åíèÿ
28.8607491446572,55.8763580526689,27778,Ëèäèí Êàìåíü Ãðå÷óøèíñêèé,Ïàìÿòíèê ïðèðîäû ðàéîííîãî çíà÷åíèÿ
25.2078147985703,52.8408790485818,26226,Ãðèâäà,Çàêàçíèê ðàéîííîãî çíà÷åíèÿ
24.8907375454901,53.7627996862163,27862,"Âàëóí ""Êîïòþãàíñêèé""",Ïàìÿòíèê ïðèðîäû ðåñïóáëèêàíñêîãî çíà÷åíèÿ
24.7573995051558,53.513852571203,27858,"Âàëóí ""Áàëè÷ñêèé""",Ïàìÿòíèê ïðèðîäû ðåñïóáëèêàíñêîãî çíà÷åíèÿ
24.9654310782607,53.6906233396277,27863,"Âàëóí ""Çåíåâñêèé""",Ïàìÿòíèê ïðèðîäû ðåñïóáëèêàíñêîãî çíà÷åíèÿ
24.6125008668313,53.5971567322532,27867,"Âàëóí ""Áàðòàøèöêèé""",Ïàìÿòíèê ïðèðîäû ðåñïóáëèêàíñêîãî çíà÷åíèÿ
29.1100122062568,55.9373411553722,27786,Ñàòàíèíñêèé Êàìåíü Ðîññîíñêèé,Ïàìÿòíèê ïðèðîäû ðàéîííîãî çíà÷åíèÿ
28.8480320779901,53.3188192164897,27787,"Âåêîâîé äóá ""Áðèöàëîâè÷ñêèé""",Ïàìÿòíèê ïðèðîäû ðàéîííîãî çíà÷åíèÿ
27.0803499735118,55.5442799863599,27797,"Âàëóí ""Áîëüøîé êàìåíü"" áðàñëàâñêèé",Ïàìÿòíèê ïðèðîäû ðåñïóáëèêàíñêîãî çíà÷åíèÿ
24.9618476033344,52.9649190695051,27881,"Âàëóí ""Áîëüøîé êàìåíü"" ñìîâæèòñêèé",Ïàìÿòíèê ïðèðîäû ðåñïóáëèêàíñêîãî çíà÷åíèÿ
25.4028301551628,54.0635037169577,27876,"Âàëóí ""Áîëüøîé êàìåíü"" äàéíîâñêèé",Ïàìÿòíèê ïðèðîäû ðåñïóáëèêàíñêîãî çíà÷åíèÿ
31.1587022507919,53.9509591035905,27890,Êàìåíñêèé áîð,Ïàìÿòíèê ïðèðîäû ðàéîííîãî çíà÷åíèÿ
31.5154082107234,53.3168856368225,26887,"Áîòàíè÷åñêèé ñàä ""Èâàíîâ õóòîð""",Ïàìÿòíèê ïðèðîäû ðàéîííîãî çíà÷åíèÿ
29.7123955147677,54.7652516577874,27899,"Âàëóí ""×åðòîâ êàìåíü""",Ïàìÿòíèê ïðèðîäû ðåñïóáëèêàíñêîãî çíà÷åíèÿ
31.0935921489839,53.7003558366861,27900,Äóá-âåëèêàí,Ïàìÿòíèê ïðèðîäû ðàéîííîãî çíà÷åíèÿ
25.8040130434908,53.8139362365621,27903,"Âàëóí ""Áîëüøîé êàìåíü"" ïëèññêèé",Ïàìÿòíèê ïðèðîäû ðåñïóáëèêàíñêîãî çíà÷åíèÿ
26.4928931500264,54.4559075717005,27922,Âàëóí-áîãàòûðü,Ïàìÿòíèê ïðèðîäû ðåñïóáëèêàíñêîãî çíà÷åíèÿ
31.6527115282343,53.9965012462665,26843,Çàêðóæüå,Çàêàçíèê ðàéîííîãî çíà÷åíèÿ
26.4020118548449,54.6654390277037,27916,"Âàëóí ""Áîëüøîé êàìåíü"" òóïàëüùèíñêèé",Ïàìÿòíèê ïðèðîäû ðåñïóáëèêàíñêîãî çíà÷åíèÿ
31.0443706218344,53.3793054147837,27956,"Èñòî÷íèê ""Ãîëóáàÿ êðèíèöà""",Ïàìÿòíèê ïðèðîäû ðåñïóáëèêàíñêîãî çíà÷åíèÿ
29.6197227932847,53.609525488853,27948,Äîëãîå,Çàêàçíèê ðàéîííîãî çíà÷åíèÿ
29.6825004423988,53.6423478572402,27949,Çàãàòüå,Çàêàçíèê ðàéîííîãî çíà÷åíèÿ
29.3203068000561,53.4137843297253,27951,Çàñóøêà,Çàêàçíèê ðàéîííîãî çíà÷åíèÿ
29.0726538946412,53.3026055718319,27959,Ó÷àñòîê äóáîâî-ÿñåíåâîãî ëåñà,Ïàìÿòíèê ïðèðîäû ðàéîííîãî çíà÷åíèÿ
29.3708775870285,53.5241642145041,27962,Ìîêðîå-2,Çàêàçíèê ðàéîííîãî çíà÷åíèÿ
31.3599597817437,52.3270795712817,27972,"Îáíàæåíèå ""Íîâûé Êðóïåö""",Ïàìÿòíèê ïðèðîäû ðåñïóáëèêàíñêîãî çíà÷åíèÿ
29.226997271946,53.4144454705142,27983,Ñóäåíåöêîå,Çàêàçíèê ðàéîííîãî çíà÷åíèÿ
26.1022061501167,52.1112388888622,27054,Ãîðîäèùå äðåâíåãî Ïèíñêà,Èñòîðèêî-êóëüòóðíàÿ öåííîñòü
26.4374499923292,54.9569056591902,28044,Êóåëüñêèé,Ïàìÿòíèê ïðèðîäû ðåñïóáëèêàíñêîãî çíà÷åíèÿ
26.7128333258866,54.9068056588801,28045,Êóïà,Ïàìÿòíèê ïðèðîäû ðåñïóáëèêàíñêîãî çíà÷åíèÿ
25.9406766542949,54.9349601049414,28055,Áåëûé Ìîõ,Çàêàçíèê ðåñïóáëèêàíñêîãî çíà÷åíèÿ
28.2537189371204,56.0287071255924,27489,Ãîðîäèëîâè÷ñêàÿ ãîðà,Çàêàçíèê ðàéîííîãî çíà÷åíèÿ
27.9691016469409,55.7433249435282,26273,Äåíäðîïàðê Âåðõíåäâèíñêîãî ëåñõîçà,Çàêàçíèê ðàéîííîãî çíà÷åíèÿ
28.1587307412474,56.1039348729481,27487,Îñâåéñêèå âûäìû,Çàêàçíèê ðàéîííîãî çíà÷åíèÿ
27.8963632254447,55.8872851085826,27486,Ñàðüÿíñêàÿ íèçìåííîñòü,Çàêàçíèê ðàéîííîãî çíà÷åíèÿ
30.786621743386,54.9937874579063,27503,Áîð,Çàêàçíèê ðàéîííîãî çíà÷åíèÿ
29.4635684578079,54.7347145908493,27510,Ëèïíèêè,Çàêàçíèê ðàéîííîãî çíà÷åíèÿ
30.292195432517,52.5359179158071,26331,Áåëóãà,Çàêàçíèê ðàéîííîãî çíà÷åíèÿ
28.5224566640541,52.2378625533265,26383,Âèíêåðîâ Ìîõ,Çàêàçíèê ðàéîííîãî çíà÷åíèÿ
28.7547927220292,53.5313301762419,27547,Ñåòèùå,Çàêàçíèê ðàéîííîãî çíà÷åíèÿ
29.9372878724615,55.8220980037368,27514,Ñóðìèíî,Çàêàçíèê ðàéîííîãî çíà÷åíèÿ
28.8979956564628,55.9488372085965,27010,Ìåæåâñêàÿ îçîâàÿ ãðÿäà,Çàêàçíèê ðàéîííîãî çíà÷åíèÿ
28.5143462898289,51.976585074833,26368,Óðî÷èùå Áåðèí,Çàêàçíèê ðàéîííîãî çíà÷åíèÿ
28.1140674589152,51.6186004098885,26364,Âåëèêàÿ Áåëü,Çàêàçíèê ðàéîííîãî çíà÷åíèÿ
27.7777609632931,51.7299212845124,26367,Òîïèëîâñêîå,Çàêàçíèê ðàéîííîãî çíà÷åíèÿ
28.5800157776728,52.7993068254362,26798,Âåëèêèé ìîõ,Çàêàçíèê ðàéîííîãî çíà÷åíèÿ
28.8895873624806,52.8316716062828,26801,Ïîéìà ðåêè Áåæèöà,Çàêàçíèê ðàéîííîãî çíà÷åíèÿ
31.5403335098449,53.2159420945591,26829,Êîñòåë,Çàêàçíèê ðàéîííîãî çíà÷åíèÿ
30.3530234754317,52.5208849441883,26334,Ñîëîâüåâñêîå,Çàêàçíèê ðàéîííîãî çíà÷åíèÿ
25.3996893448083,53.4419126652788,26480,Êîòîâùèíà,Çàêàçíèê ðàéîííîãî çíà÷åíèÿ
28.6413885283093,52.4607763428696,27576,Äóáðàâà â êâ.68,Ïàìÿòíèê ïðèðîäû ðàéîííîãî çíà÷åíèÿ
30.5922118869479,52.0495815541571,27008,"Ó÷àñòîê ïðîèçðàñòàíèÿ äóáà, ÿñåíÿ",Ïàìÿòíèê ïðèðîäû ðàéîííîãî çíà÷åíèÿ
26.2450780731101,54.2040063156899,27431,"Ãîðà ""Çàìå÷àê""",Ïàìÿòíèê ïðèðîäû ðåñïóáëèêàíñêîãî çíà÷åíèÿ
27.8640844644179,52.4622735897755,26670,Êðàñíîå Îçåðî,Çàêàçíèê ðàéîííîãî çíà÷åíèÿ
27.6790074850402,51.6787812394918,26181,Áóê÷àíñêèé,Çàêàçíèê ðåñïóáëèêàíñêîãî çíà÷åíèÿ
27.1582427655172,55.3144270348133,26327,Áûñòðèöêàÿ Äîëèíà,Ïàìÿòíèê ïðèðîäû ðàéîííîãî çíà÷åíèÿ
27.5856139990073,52.7167636478347,26674,Ñâÿòîå îçåðî,Çàêàçíèê ðàéîííîãî çíà÷åíèÿ
26.6193785716153,53.5015017755626,27588,Ñóäíèöêèå ðîäíèêè,Ïàìÿòíèê ïðèðîäû ðàéîííîãî çíà÷åíèÿ
28.1735202806792,51.7251922566495,27001,Óíèêàëüíûé ó÷àñòîê ëåñà 8,Ïàìÿòíèê ïðèðîäû ðàéîííîãî çíà÷åíèÿ
27.2011995403199,53.1774566763748,26753,Äóáðàâà êèñëè÷íàÿ,Ïàìÿòíèê ïðèðîäû ðàéîííîãî çíà÷åíèÿ
27.1042206902732,54.5791046843231,27023,"Õîëì ""Ðå÷êèíñêèå""",Ïàìÿòíèê ïðèðîäû ðåñïóáëèêàíñêîãî çíà÷åíèÿ
26.7076762262453,54.5754755643769,27025,"Îáíàæåíèå ""Ïîïîâöû""",Ïàìÿòíèê ïðèðîäû ðåñïóáëèêàíñêîãî çíà÷åíèÿ
24.0052225970294,52.1560898769558,27526,"Ëèïà ìåëêîëèñòíàÿ ""Ïåòðîâè÷ñêàÿ""",Ïàìÿòíèê ïðèðîäû ðåñïóáëèêàíñêîãî çíà÷åíèÿ
28.386567112543,52.740574511748,27601,Äóáðàâà,Ïàìÿòíèê ïðèðîäû ðàéîííîãî çíà÷åíèÿ
26.6739617451856,53.0093691373402,26962,"Ïàðê ""Ðàäçèâèëëèìîíòû""",Ïàìÿòíèê ïðèðîäû ðåñïóáëèêàíñêîãî çíà÷åíèÿ
24.9006243326839,51.9342836302956,26130,Ðàäîñòîâñêèé,Çàêàçíèê ðåñïóáëèêàíñêîãî çíà÷åíèÿ
29.6839959923465,55.1771734047982,26173,Ñîñíî,Çàêàçíèê ðåñïóáëèêàíñêîãî çíà÷åíèÿ
29.0736656461163,52.5853247811505,26183,Áàáèíåö,Çàêàçíèê ðåñïóáëèêàíñêîãî çíà÷åíèÿ
28.1835704947073,53.4219209228782,26211,Êîïûø,Çàêàçíèê ðåñïóáëèêàíñêîãî çíà÷åíèÿ
31.026756392184,54.4186513867739,27622,Ïóíèùå,Çàêàçíèê ðàéîííîãî çíà÷åíèÿ
27.0017000402168,54.90562928297,27638,Íåêàñåöêîå,Ïàìÿòíèê ïðèðîäû ðåñïóáëèêàíñêîãî çíà÷åíèÿ
27.9295047377772,55.740198502575,27649,"Äóá ÷åðåø÷àòûé ""Þñòèÿíîâñêèé""",Ïàìÿòíèê ïðèðîäû ðåñïóáëèêàíñêîãî çíà÷åíèÿ
28.1212716716449,55.9443726433501,27652,"Äóáîâûå íàñàæäåíèÿ ""Ïîëÿíû""",Ïàìÿòíèê ïðèðîäû ðàéîííîãî çíà÷åíèÿ
27.7579093389355,53.5137365969934,27659,Ñåðãååâè÷ñêèé,Çàêàçíèê ðàéîííîãî çíà÷åíèÿ
26.3728764219227,52.8993984865667,27664,Ðîäîäåíäðîí æ¸ëòûé (àçàëèÿ ïîíòèéñêàÿ),Ïàìÿòíèê ïðèðîäû ðåñïóáëèêàíñêîãî çíà÷åíèÿ
25.7648288246797,54.132167798841,27667,"ßñåíü ïåíñèëüâàíñêèé àóêóáîëèñòíûé ""Æåìûñëàâñêèé""",Ïàìÿòíèê ïðèðîäû ðåñïóáëèêàíñêîãî çíà÷åíèÿ
26.3662810083831,54.5807354926036,26532,Ãîëóáûå îç¸ðà,Çàêàçíèê ðàéîííîãî çíà÷åíèÿ
26.8164682274403,53.4225643636399,27676,"Ëèïû ìåëêîëèñòíûå ""Ìèêîëàåâùèíñêèå""",Ïàìÿòíèê ïðèðîäû ðåñïóáëèêàíñêîãî çíà÷åíèÿ
27.4970966521113,54.833867641334,27498,Âåðåíüêè,Çàêàçíèê ðàéîííîãî çíà÷åíèÿ
27.2414915279282,54.4110119349187,27701,"Ïàðê ""Îñòþêîâè÷è""",Ïàìÿòíèê ïðèðîäû ðàéîííîãî çíà÷åíèÿ
29.5551421346984,54.8100494077264,27707,Çàìîøàíñêèé ìîõ,Çàêàçíèê ðàéîííîãî çíà÷åíèÿ
26.7999785263732,54.9149950251761,27715,"""Êàìåíü Áðèëåâñêèé""",Ïàìÿòíèê ïðèðîäû ðàéîííîãî çíà÷åíèÿ
31.0280076059073,52.2339836227402,27720,Äóáðàâà,Ïàìÿòíèê ïðèðîäû ðàéîííîãî çíà÷åíèÿ
29.3918090043455,55.9332304765972,26169,Ñèíüøà,Çàêàçíèê ðåñïóáëèêàíñêîãî çíà÷åíèÿ
25.6616158577819,52.5644032446082,27745,"Íàñàæäåíèå êàðåëüñêîé áåð¸çû ""Êàëèíèíñêîå""",Ïàìÿòíèê ïðèðîäû ðåñïóáëèêàíñêîãî çíà÷åíèÿ
28.6664294315419,55.8656344448576,27770,Áîëüøîé Êàìåíü Ðîññîíñêèé,Ïàìÿòíèê ïðèðîäû ðàéîííîãî çíà÷åíèÿ
27.2511835832737,55.6199169537566,27803,"Âàëóí ""Áîëüøîé êàìåíü"" èêàçíåíñêèé",Ïàìÿòíèê ïðèðîäû ðåñïóáëèêàíñêîãî çíà÷åíèÿ
27.1521459474229,55.6351933745282,27804,"Âàëóí ""Áîëüøîé êàìåíü"" îãîíñêèé",Ïàìÿòíèê ïðèðîäû ðåñïóáëèêàíñêîãî çíà÷åíèÿ
27.1905547337146,55.6245227643904,27805,"Âàëóí ""Áîëüøîé êàìåíü"" áóòåâñêèé",Ïàìÿòíèê ïðèðîäû ðåñïóáëèêàíñêîãî çíà÷åíèÿ
23.8370423318734,51.7693725286507,27825,"Âàëóí ""Áîëüøîé êàìåíü"" ïèòåìñêèé",Ïàìÿòíèê ïðèðîäû ðåñïóáëèêàíñêîãî çíà÷åíèÿ
26.1274734585924,52.809276272891,26234,Ëèïñê,Çàêàçíèê ðàéîííîãî çíà÷åíèÿ
27.8509400699815,55.3795971797981,27832,Áîëüøîé êàìåíü ëîïóíîâñêèé,Ïàìÿòíèê ïðèðîäû ðåñïóáëèêàíñêîãî çíà÷åíèÿ
27.9301740296079,55.3619639152288,27837,Âàëóí äóáîâêîâñêèé,Ïàìÿòíèê ïðèðîäû ðàéîííîãî çíà÷åíèÿ
27.4432069291731,55.5524197175297,27848,Áåðòîâùèíñêèé Âåëèêèé Êàìåíü,Ïàìÿòíèê ïðèðîäû ðàéîííîãî çíà÷åíèÿ
28.2000691939495,55.5766375726541,27849,Áåðåçîâñêèé Âåëèêèé Êàìåíü,Ïàìÿòíèê ïðèðîäû ðàéîííîãî çíà÷åíèÿ
24.8534632217528,53.7754900689744,27859,"Âàëóí ""Âàñèëèøêîâñêèé""",Ïàìÿòíèê ïðèðîäû ðåñïóáëèêàíñêîãî çíà÷åíèÿ
28.2097691120729,54.5249586356714,27817,"Âàëóí ""Êíÿçü-êàìåíü""",Ïàìÿòíèê ïðèðîäû ðåñïóáëèêàíñêîãî çíà÷åíèÿ
28.8496130739671,53.3584270613031,27871,Ýòàëîííîå íàñàæäåíèå,Ïàìÿòíèê ïðèðîäû ðàéîííîãî çíà÷åíèÿ
28.7218867269004,54.7253785755184,26291,Êëåòèùå,Çàêàçíèê ðàéîííîãî çíà÷åíèÿ
29.7323938877184,54.7085429683342,27898,"Âàëóí ""Ïåðóí""",Ïàìÿòíèê ïðèðîäû ðåñïóáëèêàíñêîãî çíà÷åíèÿ
26.3069893951639,54.3283787714554,27914,"Âàëóí ""Áîëüøîé êàìåíü"" êðåâñêèé",Ïàìÿòíèê ïðèðîäû ðåñïóáëèêàíñêîãî çíà÷åíèÿ
25.9492438054061,54.881593013376,27919,"Âàëóí ""Áîëüøîé êàìåíü"" êóòèøêèíñêèé",Ïàìÿòíèê ïðèðîäû ðåñïóáëèêàíñêîãî çíà÷åíèÿ
28.9488951102349,55.2619785526162,27909,"Âàëóí ""Ãëûáî÷àíñêèé""",Ïàìÿòíèê ïðèðîäû ðåñïóáëèêàíñêîãî çíà÷åíèÿ
30.9692969182426,53.450873585921,27942,"Òîðôÿíîå ìåñòîðîæäåíèå ""Ñìîòðîâî""",Çàêàçíèê ðàéîííîãî çíà÷åíèÿ
29.4168959492811,52.1701126035691,26440,Óíèêàëüíûé ó÷àñòîê ëåñà íàñàæäåíèÿ ñîñíû,Ïàìÿòíèê ïðèðîäû ðàéîííîãî çíà÷åíèÿ
29.7750020656858,53.671014078188,27952,Êðèíèöà ñîâõîçà Äîëãîâñêèé,Ïàìÿòíèê ïðèðîäû ðàéîííîãî çíà÷åíèÿ
29.3323428668082,53.4050346650074,27945,Áàðñóêè,Çàêàçíèê ðàéîííîãî çíà÷åíèÿ
29.6494350777655,53.6446277422046,27947,Äîëæàíêà,Çàêàçíèê ðàéîííîãî çíà÷åíèÿ
28.0139613746395,53.7514379546943,26780,"Ïàðê ""Ñìèëîâè÷è""",Ïàìÿòíèê ïðèðîäû ðàéîííîãî çíà÷åíèÿ
29.378946962504,53.4062128679205,27981,Îçåðî,Çàêàçíèê ðàéîííîãî çíà÷åíèÿ
29.2742044977264,53.4239198239481,27982,Ïîïîâî,Çàêàçíèê ðàéîííîãî çíà÷åíèÿ
24.2477083665715,51.9292148862474,26139,Ëóêîâî,Çàêàçíèê ðåñïóáëèêàíñêîãî çíà÷åíèÿ
24.277418522051,53.4649207129312,27541,×åðëåíà,Çàêàçíèê ðàéîííîãî çíà÷åíèÿ
28.2868937363465,51.6581462768546,26361,Ëóãîâîå,Çàêàçíèê ðàéîííîãî çíà÷åíèÿ
29.5085100748373,52.7698830294528,26430,Âîðîòåíü,Çàêàçíèê ðàéîííîãî çíà÷åíèÿ
29.8170020034986,53.3021795051294,26418,Ïåííûé Ìîõ,Çàêàçíèê ðàéîííîãî çíà÷åíèÿ
28.0314282117993,51.5812020430193,26357,Óðî÷èùå Çàðó÷åâüå,Çàêàçíèê ðàéîííîãî çíà÷åíèÿ
28.8010079798319,52.7985776535778,26796,Áåðåçîâêà-I,Çàêàçíèê ðàéîííîãî çíà÷åíèÿ
29.962546609248,52.7235415705292,26342,Ìîõ,Çàêàçíèê ðàéîííîãî çíà÷åíèÿ
29.5732155231113,53.5995319710844,26816,Ëåæàÿ-Õâîùåâ,Çàêàçíèê ðàéîííîãî çíà÷åíèÿ
29.3652752984175,53.6454828788436,26822,Ïåñ÷àíîå,Çàêàçíèê ðàéîííîãî çíà÷åíèÿ
28.7046548900532,52.4393223246878,26391,Ñíîïèùå,Çàêàçíèê ðàéîííîãî çíà÷åíèÿ
26.3334136958317,55.1112439813507,27508,Ëûíòóïñêèé,Çàêàçíèê ðàéîííîãî çíà÷åíèÿ
28.0870739192881,55.3684577651216,27013,Êðèíèöà Ñâÿòîãî ßíà,Çàêàçíèê ðàéîííîãî çíà÷åíèÿ
25.5010329860341,53.4680244256822,26477,Âåäðîâè÷è-ßñåíåö,Çàêàçíèê ðàéîííîãî çíà÷åíèÿ
25.1800657177656,53.4522064337417,26485,Òðîñòÿíêà-Ìîðãàëü,Çàêàçíèê ðàéîííîãî çíà÷åíèÿ
25.4334167997912,53.448993058038,26482,Ëóñêîâèöû,Çàêàçíèê ðàéîííîãî çíà÷åíèÿ
28.1612483032862,55.2613749295492,26308,Çÿáêîâñêàÿ âîçâûøåííîñòü,Ïàìÿòíèê ïðèðîäû ðàéîííîãî çíà÷åíèÿ
27.584272304114,55.5770509331972,27016,"""Ãàðàíñêàÿ ãðàäà""",Ïàìÿòíèê ïðèðîäû ðàéîííîãî çíà÷åíèÿ
27.388001583741,55.5774459039389,27018,"""Íàâàëîöêèÿ ïàãîðêè""",Ïàìÿòíèê ïðèðîäû ðàéîííîãî çíà÷åíèÿ
25.7538265966008,54.6916586599274,26504,"Îçåðî ""Áûê""",Çàêàçíèê ðàéîííîãî çíà÷åíèÿ
24.5404721384807,51.9858538856826,27521,"Äóá ÷åðåø÷àòûé ""Ñóâîðîâñêèé-1""",Ïàìÿòíèê ïðèðîäû ðåñïóáëèêàíñêîãî çíà÷åíèÿ
23.9995186476005,52.1490013322435,27524,"Äóá ÷åðåø÷àòûé ""Ïåòðîâè÷ñêèé-1""",Ïàìÿòíèê ïðèðîäû ðåñïóáëèêàíñêîãî çíà÷åíèÿ
28.6378580211465,52.4674403921012,26459,Äóáðàâà â êâ. 61,Ïàìÿòíèê ïðèðîäû ðàéîííîãî çíà÷åíèÿ
30.289698439008,54.2128611191801,26899,Ãîðîäñêîé ïàðê,Ïàìÿòíèê ïðèðîäû ðàéîííîãî çíà÷åíèÿ
24.0695980276856,51.9359839555644,27523,"Áóêè ëåñíûå ""Âåëèêîðèòñêèå""",Ïàìÿòíèê ïðèðîäû ðåñïóáëèêàíñêîãî çíà÷åíèÿ
25.6852629549217,52.8683824920075,26258,Ãðóäîïîëü,Ïàìÿòíèê ïðèðîäû ðàéîííîãî çíà÷åíèÿ
27.4018864565206,55.5174968635831,26325,Ãîðà Ôåäîòîâà,Ïàìÿòíèê ïðèðîäû ðàéîííîãî çíà÷åíèÿ
29.2724707838516,55.9264001652778,27012,"""Ãîðà Ãâîçäèõà""",Ïàìÿòíèê ïðèðîäû ðàéîííîãî çíà÷åíèÿ
26.9508474439218,53.2592669700425,26754,"Ïàðê ""Áîáîâíÿ""",Ïàìÿòíèê ïðèðîäû ðàéîííîãî çíà÷åíèÿ
27.000242597535,53.0935177917873,27590,Ðîäíèê Êóçüìû ×îðíîãî,Ïàìÿòíèê ïðèðîäû ðàéîííîãî çíà÷åíèÿ
28.094787664201,53.3003986348676,26656,Áûòåíüñêèé,Çàêàçíèê ðàéîííîãî çíà÷åíèÿ
28.1327842052019,54.1511966978466,27580,Ãàéíî-Áðîäíÿ,Çàêàçíèê ðàéîííîãî çíà÷åíèÿ
25.6876806212631,52.1790220018855,26224,Îáðîâî,Çàêàçíèê ðàéîííîãî çíà÷åíèÿ
28.1285299465174,51.8409768903552,26999,Óíèêàëüíûé ó÷àñòîê ëåñà 6,Ïàìÿòíèê ïðèðîäû ðàéîííîãî çíà÷åíèÿ
25.2982910479705,52.766423774789,26920,"×èñòàÿ äóáðàâà ""Áîðåöêàÿ""",Ïàìÿòíèê ïðèðîäû ðåñïóáëèêàíñêîãî çíà÷åíèÿ
29.0292102402493,52.0801584628774,26370,Àëåñ,Çàêàçíèê ðàéîííîãî çíà÷åíèÿ
26.9081569505269,54.8567475876737,26967,"Ãðÿäà ""Êî÷åðãèíñêàÿ""",Ïàìÿòíèê ïðèðîäû ðåñïóáëèêàíñêîãî çíà÷åíèÿ
26.8401793245868,54.9300662656839,26968,"Ãðÿäà ""Ëóêèíñêàÿ""",Ïàìÿòíèê ïðèðîäû ðåñïóáëèêàíñêîãî çíà÷åíèÿ
26.6931660477378,55.6733582251168,27594,Êàðàñèíñêèé ðîäíèê,Ïàìÿòíèê ïðèðîäû ðàéîííîãî çíà÷åíèÿ
28.4108305003617,52.734835657974,26874,Äóáðàâà,Ïàìÿòíèê ïðèðîäû ðàéîííîãî çíà÷åíèÿ
24.4366131378756,52.4573191203184,26243,Âûäðåíêà,Çàêàçíèê ðàéîííîãî çíà÷åíèÿ
31.6946281436497,54.0438848962466,26985,Äóáðàâà,Ïàìÿòíèê ïðèðîäû ðåñïóáëèêàíñêîãî çíà÷åíèÿ
27.4961780878099,55.6318830533231,26162,Áîëîòî Ìîõ,Çàêàçíèê ðåñïóáëèêàíñêîãî çíà÷åíèÿ
27.854170871332,55.5596697074608,26163,Åëüíÿ,Çàêàçíèê ðåñïóáëèêàíñêîãî çíà÷åíèÿ
29.9614407773693,55.0910331173287,26154,Ìîøíî,Çàêàçíèê ðåñïóáëèêàíñêîãî çíà÷åíèÿ
25.5275494614502,53.1065080274942,26198,Ñëîíèìñêèé,Çàêàçíèê ðåñïóáëèêàíñêîãî çíà÷åíèÿ
29.4905285833571,55.6964876900932,27613,Ãëóáîêîå-Áîëüøîå Îñòðîâèòî,Çàêàçíèê ðåñïóáëèêàíñêîãî çíà÷åíèÿ
27.8984961737759,53.3745770729248,27618,Îìåëüíÿíñêèé,Çàêàçíèê ðåñïóáëèêàíñêîãî çíà÷åíèÿ
29.409928306756,54.2099238281237,26201,Äåíèñîâè÷ñêèé,Çàêàçíèê ðåñïóáëèêàíñêîãî çíà÷åíèÿ
23.5903633818368,52.3280627689161,26230,Òðîñòÿíèöà,Çàêàçíèê ðàéîííîãî çíà÷åíèÿ
25.8468708320825,51.9293297860152,27633,Íåâåëüñêèå âÿçû,Ïàìÿòíèê ïðèðîäû ðàéîííîãî çíà÷åíèÿ
28.7804069546725,55.8292735306144,27627,Ëàçàðåâà êðèíèöà,Ïàìÿòíèê ïðèðîäû ðàéîííîãî çíà÷åíèÿ
23.9551814931488,51.8932067264577,27646,"Äóá-ïàòðèàðõ ""Ïîæåæèíñêèé""",Ïàìÿòíèê ïðèðîäû ðåñïóáëèêàíñêîãî çíà÷åíèÿ
24.3633349274332,52.6087082591125,27647,Ó÷àñòîê êóëüòóðû ñîñíû Âåéìóòîâîé,Ïàìÿòíèê ïðèðîäû ðåñïóáëèêàíñêîãî çíà÷åíèÿ
30.7182895706158,54.7831312949777,27621,Æóêîâñêîå,Çàêàçíèê ðàéîííîãî çíà÷åíèÿ
23.9167044608253,53.3793477189104,27537,Ñâèñëî÷ü,Çàêàçíèê ðàéîííîãî çíà÷åíèÿ
26.4250716301127,52.9383888116728,27612,"Äâà ñðîñøèõñÿ äóáà ÷åðåø÷àòûõ ""Ãîëûíêîâñêèå""",Ïàìÿòíèê ïðèðîäû ðåñïóáëèêàíñêîãî çíà÷åíèÿ
24.994695350707,53.121417917504,27679,Ñîñíà,Ïàìÿòíèê ïðèðîäû ðàéîííîãî çíà÷åíèÿ
28.2873657950217,54.4315317309123,27684,Ïàðê â ä.Ñêóïëèíî,Ïàìÿòíèê ïðèðîäû ðàéîííîãî çíà÷åíèÿ
28.2658852034164,53.9931749139827,27690,Ñòóäåíêà,Çàêàçíèê ðàéîííîãî çíà÷åíèÿ
29.2558250168934,53.7876321397677,27694,"Äóá ÷åðåø÷àòûé ""Ëþáóøàíñêèé-2""",Ïàìÿòíèê ïðèðîäû ðåñïóáëèêàíñêîãî çíà÷åíèÿ
26.9162989909347,52.9302118443941,27695,Àëëåÿ ëèñòâåííèöû åâðîïåéñêîé,Ïàìÿòíèê ïðèðîäû ðàéîííîãî çíà÷åíèÿ
30.81682407084,52.0585044001992,26902,Äíåïðî-Ñîæñêèé,Çàêàçíèê ðåñïóáëèêàíñêîãî çíà÷åíèÿ
29.4318225573698,54.8643427123702,27706,Ãóðèíñêîå,Çàêàçíèê ðàéîííîãî çíà÷åíèÿ
27.0567217986135,54.9214043169283,27716,"""Êàìåíü Äÿãèëåâñêèé""",Ïàìÿòíèê ïðèðîäû ðàéîííîãî çíà÷åíèÿ
30.9745776281207,54.1841470412215,27722,Âîðêó÷åå,Çàêàçíèê ðàéîííîãî çíà÷åíèÿ
26.9040127007192,54.9026025767159,27732,"Âàëóí ""Áîëüøîé êàìåíü"" âûñî÷êèíñêèé",Ïàìÿòíèê ïðèðîäû ðåñïóáëèêàíñêîãî çíà÷åíèÿ
27.0567794191692,54.7786771149711,27738,"Âàëóí ""×åðòîâ êàìåíü"" øêëåííèêîâñêèé",Ïàìÿòíèê ïðèðîäû ðåñïóáëèêàíñêîãî çíà÷åíèÿ
23.5202315893345,52.4792056707646,27757,Âåðõîâè÷ñêèé ïëþùåâíèê,Ïàìÿòíèê ïðèðîäû ðàéîííîãî çíà÷åíèÿ
29.6627732827166,54.5810678398859,27747,Ìåäâåæèé ëóê,Çàêàçíèê ðàéîííîãî çíà÷åíèÿ
31.7252791701429,54.0257720391636,27766,"Êðèíèöà ""Êàãàëüíûé êîëîäåö""",Ïàìÿòíèê ïðèðîäû ðàéîííîãî çíà÷åíèÿ
29.0321307453667,55.7924343037888,27774,Ìåæíîâñêèé Áîëüøîé Êàìåíü,Ïàìÿòíèê ïðèðîäû ðàéîííîãî çíà÷åíèÿ
28.8925955318074,55.8700886712211,27775,Ãðóøèí Êàìåíü Çàîçåðñêèé,Ïàìÿòíèê ïðèðîäû ðàéîííîãî çíà÷åíèÿ
27.1481718637591,55.7410498228903,27806,"Âàëóí ""Áîëüøîé êàìåíü"" ëåîøåíñêèé",Ïàìÿòíèê ïðèðîäû ðåñïóáëèêàíñêîãî çíà÷åíèÿ
30.599164062629,54.8502452766894,26161,Áàáèíîâè÷ñêèé,Çàêàçíèê ðåñïóáëèêàíñêîãî çíà÷åíèÿ
26.4108037137695,52.917539184032,26923,"Ïàðê ""Ñîâåéêè""",Ïàìÿòíèê ïðèðîäû ðåñïóáëèêàíñêîãî çíà÷åíèÿ
27.0004349153297,55.4672324709838,27795,"Âàëóí ""×óäîäåéñòâåííûé êàìåíü"" ñòàøåëèøñêèé",Ïàìÿòíèê ïðèðîäû ðåñïóáëèêàíñêîãî çíà÷åíèÿ
26.6349454295223,55.6100352544964,27799,"Âàëóí ""Áîëüøîé êàìåíü"" ïàøåâè÷ñêèé",Ïàìÿòíèê ïðèðîäû ðåñïóáëèêàíñêîãî çíà÷åíèÿ
27.2710579370124,55.5702225680781,27801,"Âàëóí ""Ïàñòóøèé êàìåíü"" âîðîïàíùèíñêèé",Ïàìÿòíèê ïðèðîäû ðåñïóáëèêàíñêîãî çíà÷åíèÿ
28.9730507531254,54.2694421028913,27840,"Ðîäíèê â óðî÷èùå ""Âûñîêèå ãîðû""",Ïàìÿòíèê ïðèðîäû ðàéîííîãî çíà÷åíèÿ
29.1488711858933,54.4965544948664,27843,"Ðîäíèê ""Ëåñíîé""",Ïàìÿòíèê ïðèðîäû ðàéîííîãî çíà÷åíèÿ
27.6611240551556,55.6595429064418,27852,Ãèðüÿòñêèé Âåëèêèé Êàìåíü,Ïàìÿòíèê ïðèðîäû ðàéîííîãî çíà÷åíèÿ
26.4137694055594,53.223471075145,26771,Ñíîâñêèé ïàðê,Ïàìÿòíèê ïðèðîäû ðàéîííîãî çíà÷åíèÿ
30.4907209628303,52.7266902080984,27824,"Äóá ÷åðåø÷àòûé ""Áóäà-Êîøåëåâñêèé-2""",Ïàìÿòíèê ïðèðîäû ðåñïóáëèêàíñêîãî çíà÷åíèÿ
24.9755608093955,53.0193191929037,27880,"Âàëóí ""Êðàêîòñêèé""",Ïàìÿòíèê ïðèðîäû ðåñïóáëèêàíñêîãî çíà÷åíèÿ
25.7152569830436,53.0035279011141,27827,Ðîäíèê îêîëî ä.Òàðòàêè,Ïàìÿòíèê ïðèðîäû ðàéîííîãî çíà÷åíèÿ
27.2471824092877,54.1635326461649,27872,Øâåäñêàÿ ãîðà,Ïàìÿòíèê ïðèðîäû ðàéîííîãî çíà÷åíèÿ
30.9034851532273,54.1331347744278,27891,Ëåñíûå áîãàòûðè,Ïàìÿòíèê ïðèðîäû ðàéîííîãî çíà÷åíèÿ
29.871508252383,54.6546354646094,27896,"Âàëóí ""×åðòîâ êàìåíü"" (Êðàâåö)",Ïàìÿòíèê ïðèðîäû ðåñïóáëèêàíñêîãî çíà÷åíèÿ
28.2659359086636,53.1074872494884,26214,Ôàëè÷ñêèé Ìîõ,Çàêàçíèê ðåñïóáëèêàíñêîãî çíà÷åíèÿ
25.8256651452916,54.7131891612315,27917,"Âàëóí ""ßðîñèøêèíñêèé - 1""",Ïàìÿòíèê ïðèðîäû ðåñïóáëèêàíñêîãî çíà÷åíèÿ
26.3281605116562,54.2990508748041,27923,Âàëóí,Ïàìÿòíèê ïðèðîäû ðåñïóáëèêàíñêîãî çíà÷åíèÿ
26.1970551912768,54.3079619567753,27912,"Âàëóí ""Êîçèé êàìåíü""",Ïàìÿòíèê ïðèðîäû ðåñïóáëèêàíñêîãî çíà÷åíèÿ
25.8256668732846,54.713214972561,27918,"Âàëóí ""ßðîñèøêèíñêèé - 2""",Ïàìÿòíèê ïðèðîäû ðåñïóáëèêàíñêîãî çíà÷åíèÿ
29.5651665951229,53.4577948634848,27930,Òêà÷åâî,Çàêàçíèê ðàéîííîãî çíà÷åíèÿ
24.8738122050733,52.0491723592397,26129,Çâàíåö,Çàêàçíèê ðåñïóáëèêàíñêîãî çíà÷åíèÿ
28.5760526318462,53.5418150544917,26850,Òàãèíîå,Çàêàçíèê ðàéîííîãî çíà÷åíèÿ
27.9010535463663,53.2298752279392,27968,Îìãîâè÷ñêèé,Çàêàçíèê ðåñïóáëèêàíñêîãî çíà÷åíèÿ
28.1926762143473,52.1170027924352,27970,"Ãåîëîãè÷åñêîå îáíàæåíèå ""Äîðîøåâè÷è""",Ïàìÿòíèê ïðèðîäû ðåñïóáëèêàíñêîãî çíà÷åíèÿ
28.1118004177695,53.7309369016979,27974,"""Óáåëü""",Ïàìÿòíèê ïðèðîäû ðàéîííîãî çíà÷åíèÿ
27.2593473031084,53.5420511786431,27976,"""Ëåí÷èíî""",Çàêàçíèê ðàéîííîãî çíà÷åíèÿ
32.5944897995063,53.3471167308545,27985,Ýòàëîííûå íàñàæäåíèÿ ñîñíû,Ïàìÿòíèê ïðèðîäû ðàéîííîãî çíà÷åíèÿ
27.735577929219,53.8809996413073,27444,Ñòèêëåâî,Çàêàçíèê ðåñïóáëèêàíñêîãî çíà÷åíèÿ
27.8853770116724,56.0167357201897,27490,Îñâåéñêàÿ äîëèíà ïðîðûâà,Çàêàçíèê ðàéîííîãî çíà÷åíèÿ
28.4744604333444,51.8974445903208,26362,Ìàí÷èöû,Çàêàçíèê ðàéîííîãî çíà÷åíèÿ
29.7593654324983,54.1438031433558,26832,Ïîéìà ð. Äðóòü,Çàêàçíèê ðàéîííîãî çíà÷åíèÿ
31.0650445858922,54.0432588053069,26804,Ãîëîìóêñêîå,Çàêàçíèê ðàéîííîãî çíà÷åíèÿ
29.5375180585126,52.8464758434815,26345,Ðûãîðàâà Ïàëÿíà,Çàêàçíèê ðàéîííîãî çíà÷åíèÿ
30.2560294908292,52.6723376851965,26332,Îñòðîâà,Çàêàçíèê ðàéîííîãî çíà÷åíèÿ
28.0693294454169,55.0307941049493,26283,Ãîëóáèöêàÿ ïóùà,Çàêàçíèê îáëàñòíîãî çíà÷åíèÿ
24.8471740900623,53.0383360939941,26544,Êîðåâèí ëóã,Çàêàçíèê ðàéîííîãî çíà÷åíèÿ
25.7352979812169,53.3579827536842,27516,"Íàñàæäåíèå ëèñòâåííèöû åâðîïåéñêîé ""Ìîë÷àäñêîå""",Ïàìÿòíèê ïðèðîäû ðåñïóáëèêàíñêîãî çíà÷åíèÿ
30.9724132233396,53.9573174327073,26861,Êîðîëåâùèíà,Çàêàçíèê ðàéîííîãî çíà÷åíèÿ
28.0557881709148,55.3958534002085,26935,"×èñòàÿ äóáðàâà ""ßçíåíñêàÿ""",Ïàìÿòíèê ïðèðîäû ðåñïóáëèêàíñêîãî çíà÷åíèÿ
28.4000288297882,52.0981708371886,26461,"Ïàðê ""Øêëÿðåâñêîãî""",Ïàìÿòíèê ïðèðîäû ðàéîííîãî çíà÷åíèÿ
23.6747631595872,52.093472169741,27519,Åëè îáûêíîâåííûå (çìååâèäíûå),Ïàìÿòíèê ïðèðîäû ðåñïóáëèêàíñêîãî çíà÷åíèÿ
26.877500257163,53.7434397543709,26776,"Ïàðê ""Ñóëà""",Ïàìÿòíèê ïðèðîäû ðàéîííîãî çíà÷åíèÿ
26.5399719253964,53.3541339865234,26775,"Ïàðê ""Íîâàÿ Âåñêà""",Ïàìÿòíèê ïðèðîäû ðàéîííîãî çíà÷åíèÿ
28.1654818081211,51.7523688449772,27000,Óíèêàëüíûé ó÷àñòîê ëåñà 7,Ïàìÿòíèê ïðèðîäû ðàéîííîãî çíà÷åíèÿ
29.2781181464761,53.1984349732356,26883,Äóáîâàÿ ðîùà,Ïàìÿòíèê ïðèðîäû ðàéîííîãî çíà÷åíèÿ
27.691123593558,53.9318386732205,26965,"""Ïàðê êàìíåé""",Ïàìÿòíèê ïðèðîäû ðåñïóáëèêàíñêîãî çíà÷åíèÿ
30.9611489185881,53.8323028347752,26897,"Ðîùà â óðî÷èùå ""Åëîâî""",Ïàìÿòíèê ïðèðîäû ðàéîííîãî çíà÷åíèÿ
24.0355290000563,51.8851647938522,27592,Äóá,Ïàìÿòíèê ïðèðîäû ðåñïóáëèêàíñêîãî çíà÷åíèÿ
28.5855033142493,53.0992149160269,26873,Äóáðàâà,Ïàìÿòíèê ïðèðîäû ðàéîííîãî çíà÷åíèÿ
26.7108496998339,55.6879278270096,26150,Ðè÷è,Çàêàçíèê ðåñïóáëèêàíñêîãî çíà÷åíèÿ
30.8739765386211,55.6195202041741,26153,Çàïîëüñêèé,Çàêàçíèê ðåñïóáëèêàíñêîãî çíà÷åíèÿ
26.6336029288407,52.8934586060871,27611,"Äóá ÷åðåø÷àòûé ""Íîâèíêîâñêèé""",Ïàìÿòíèê ïðèðîäû ðåñïóáëèêàíñêîãî çíà÷åíèÿ
30.6545264586312,52.7900063600472,26174,Áóäà-Êîøåëåâñêèé,Çàêàçíèê ðåñïóáëèêàíñêîãî çíà÷åíèÿ
29.1540671957944,55.0172193233464,27615,"""Áî÷åéêîâñêèé óñàäåáíî-ïàðêîâûé àíñàìáëü""  â ä.Áî÷åéêîâî",Ïàìÿòíèê ïðèðîäû ðàéîííîãî çíà÷åíèÿ
25.0209895084573,52.2079653915033,27629,"Êàðèÿ îâàëüíàÿ ""Áðàøåâè÷ñêàÿ""",Ïàìÿòíèê ïðèðîäû ðåñïóáëèêàíñêîãî çíà÷åíèÿ
27.6237813598444,55.0809214134095,27641,Ìàëèíîâùèíñêèå âîçâûøåííîñòè,Ïàìÿòíèê ïðèðîäû ðàéîííîãî çíà÷åíèÿ
28.0175237042914,55.193572850755,27642,Ïëèññêèé êàìîâûé ìàññèâ,Ïàìÿòíèê ïðèðîäû ðàéîííîãî çíà÷åíèÿ
30.9206153052956,54.4871421738903,27624,Äóá-âåëèêàí,Ïàìÿòíèê ïðèðîäû îáëàñòíîãî çíà÷åíèÿ
26.780949650713,54.9208973173964,27637,Áðåññêîå,Ïàìÿòíèê ïðèðîäû ðåñïóáëèêàíñêîãî çíà÷åíèÿ
28.6148280363748,53.8852316315826,26979,"Ïàðê ""Ðîâàíè÷è""",Ïàìÿòíèê ïðèðîäû ðåñïóáëèêàíñêîãî çíà÷åíèÿ
28.8787014398625,54.8006984764859,27670,"Öàðü-äóá ""Òàäóëèíñêèé""",Ïàìÿòíèê ïðèðîäû ðåñïóáëèêàíñêîãî çíà÷åíèÿ
27.836895760444,52.8022341000693,27643,Äåðåâî ëèïû ìåëêîëèñòíîé â ä. Þøêîâè÷è,Ïàìÿòíèê ïðèðîäû ðàéîííîãî çíà÷åíèÿ
28.5746701518848,54.9025522189279,27639,Ïûøíîãîðû,Çàêàçíèê ðàéîííîãî çíà÷åíèÿ
29.9738615368825,54.9995583432934,27705,Ãëóáîêñêèé ìîõ,Çàêàçíèê ðàéîííîãî çíà÷åíèÿ
27.19134322332,54.9224342936359,27731,"Âàëóí ""Áîëüøîé êàìåíü"" ãóëèéñêèé",Ïàìÿòíèê ïðèðîäû ðåñïóáëèêàíñêîãî çíà÷åíèÿ
26.5304712472443,54.0998828492301,27739,Ðîäíèê Âîëîæèíñêèé,Ïàìÿòíèê ïðèðîäû ðàéîííîãî çíà÷åíèÿ
28.9929346213595,55.8802489375882,27779,Âàëóí Âûñîöêîâñêèé,Ïàìÿòíèê ïðèðîäû ðàéîííîãî çíà÷åíèÿ
26.7344146683106,55.4307859117452,27792,"Âàëóí ""Ñòàðîäâîðñêèé""",Ïàìÿòíèê ïðèðîäû ðåñïóáëèêàíñêîãî çíà÷åíèÿ
27.0215077854805,55.4820571888311,27794,"Âàëóí ""×åðòîâ êàìåíü"" áîãäàíîâñêèé",Ïàìÿòíèê ïðèðîäû ðåñïóáëèêàíñêîãî çíà÷åíèÿ
30.2861073198895,54.2009354530727,27812,Ðîäíèê Ñåðåáðÿíêà,Ïàìÿòíèê ïðèðîäû ðàéîííîãî çíà÷åíèÿ
31.1983648202906,53.5664558219089,27813,"Êðèíèöà ""Åçåðñêàÿ""",Ïàìÿòíèê ïðèðîäû ðàéîííîãî çíà÷åíèÿ
27.1215936175449,55.7624026158611,27809,"Âàëóíû ""Êàìíè Âîëîñî""",Ïàìÿòíèê ïðèðîäû ðåñïóáëèêàíñêîãî çíà÷åíèÿ
27.9301740296079,55.3619639152288,27834,Áîëüøîé êàìåíü äóáîâñêèé,Ïàìÿòíèê ïðèðîäû ðåñïóáëèêàíñêîãî çíà÷åíèÿ
24.5716192768797,53.6564597581578,27864,"Âàëóí ""Ìàðòèí êàìåíü"" êóçüìè÷ñêèé",Ïàìÿòíèê ïðèðîäû ðåñïóáëèêàíñêîãî çíà÷åíèÿ
31.3727337024009,53.5690629335304,27816,Äóá-âåëèêàí,Ïàìÿòíèê ïðèðîäû ðàéîííîãî çíà÷åíèÿ
27.5099297340025,55.4961672660553,27846,Íîâîïîãîñòñêèé Âåëèêèé Êàìåíü,Ïàìÿòíèê ïðèðîäû ðåñïóáëèêàíñêîãî çíà÷åíèÿ
28.6169116543414,53.4571645607687,27870,Æîðíîâñêèé äåíäðîñàä,Ïàìÿòíèê ïðèðîäû ðàéîííîãî çíà÷åíèÿ
28.8674619920237,55.8684023124075,27783,Âàëóí Ãðå÷óøèíñêèé,Ïàìÿòíèê ïðèðîäû ðàéîííîãî çíà÷åíèÿ
28.8927036984287,55.8747105952884,27784,Öûáóëüñêèé Êàìåíü Çàîçåðñêèé,Ïàìÿòíèê ïðèðîäû ðàéîííîãî çíà÷åíèÿ
29.2201106283677,55.7699500658772,27785,Ñûðíûé Êàìåíü Ðîññîíñêèé,Ïàìÿòíèê ïðèðîäû ðàéîííîãî çíà÷åíèÿ
27.4085841137333,55.4757586572732,27833,Áîëüøîé êàìåíü ïàøêîâñêèé,Ïàìÿòíèê ïðèðîäû ðåñïóáëèêàíñêîãî çíà÷åíèÿ
27.7086849963998,55.4019251034945,27836,Áîëüøîé êàìåíü æóêè-ëîæíîâñêèé,Ïàìÿòíèê ïðèðîäû ðàéîííîãî çíà÷åíèÿ
25.9985632748385,52.8855273606568,27829,Ëàãîíÿ,Çàêàçíèê ðàéîííîãî çíà÷åíèÿ
27.6070830856928,55.3381903699301,27830,Êàìåíü èâàíñêèé ñ íàäïèñüþ,Ïàìÿòíèê ïðèðîäû ðåñïóáëèêàíñêîãî çíà÷åíèÿ
28.9862978718008,55.0678117448926,26290,Êàêèñèíî,Çàêàçíèê ðàéîííîãî çíà÷åíèÿ
25.0009939306309,54.0170044013062,27875,"Âàëóí ""Áîëüøîé êàìåíü"" ìîæåéêîâñêèé",Ïàìÿòíèê ïðèðîäû ðåñïóáëèêàíñêîãî çíà÷åíèÿ
25.1749046169184,54.0177231451138,27878,"Âàëóí ""Ïåðóíîâ êàìåíü"" òîâêèíñêèé",Ïàìÿòíèê ïðèðîäû ðåñïóáëèêàíñêîãî çíà÷åíèÿ
32.058684687622,53.2905962012175,27892,Ïðèðîäíàÿ êðèíèöà ä.Ñòóäåíåö,Ïàìÿòíèê ïðèðîäû ðàéîííîãî çíà÷åíèÿ
29.7072275261795,54.8054118083342,27895,"Ðîäíèê ""Ïåñ÷àíêà""",Ïàìÿòíèê ïðèðîäû ðàéîííîãî çíà÷åíèÿ
29.7870487863585,54.8952025841218,27897,"Âàëóí ""Êëèí""",Ïàìÿòíèê ïðèðîäû ðåñïóáëèêàíñêîãî çíà÷åíèÿ
25.7323510036359,53.4289578962116,27907,"Êîíãëîìåðàò ""Çàïîëüñêèé - 2""",Ïàìÿòíèê ïðèðîäû ðåñïóáëèêàíñêîãî çíà÷åíèÿ
25.7323684784586,53.4288775830039,27902,"Âàëóí ""Çàïîëüñêèé""",Ïàìÿòíèê ïðèðîäû ðåñïóáëèêàíñêîãî çíà÷åíèÿ
26.171873082902,54.4422302236087,27921,Êàìåíü Áîãóøåâè÷à,Ïàìÿòíèê ïðèðîäû ðåñïóáëèêàíñêîãî çíà÷åíèÿ
25.8459139226492,54.6926993884671,27920,"Âàëóí ""Ìóðîâàííûé êàìåíü""",Ïàìÿòíèê ïðèðîäû ðåñïóáëèêàíñêîãî çíà÷åíèÿ
29.1783298707064,53.2721882339926,27929,Ëþáèí Áîð,Çàêàçíèê ðàéîííîãî çíà÷åíèÿ
29.7146800962597,53.2877795987484,27932,Áåëûå ðå÷êè,Çàêàçíèê ðàéîííîãî çíà÷åíèÿ
30.957560486474,53.5629157165281,27934,Ëèñòâåííèöà âåêîâàÿ,Ïàìÿòíèê ïðèðîäû ðàéîííîãî çíà÷åíèÿ
31.0831367381876,53.4333462403697,27935,"Òîðôÿíîå ìåñòîðîæäåíèå ""Âûãàð""",Çàêàçíèê ðàéîííîãî çíà÷åíèÿ
31.0669022583671,53.4659133265323,27936,"Òîðôÿíîå ìåñòîðîæäåíèå ""Âûñîêàÿ ãðèâà""",Çàêàçíèê ðàéîííîãî çíà÷åíèÿ
30.8853083358004,53.4905414216122,27938,"Òîðôÿíîå ìåñòîðîæäåíèå ""Æóðàâåëü""",Çàêàçíèê ðàéîííîãî çíà÷åíèÿ
31.1129718624438,53.3651384709407,26852,"Òîðôÿíîå ìåñòîðîæäåíèå ""Òóïíèöêîå""",Çàêàçíèê ðàéîííîãî çíà÷åíèÿ
29.123584285375,53.3677952331972,27961,Îðëèíî,Çàêàçíèê ðàéîííîãî çíà÷åíèÿ
31.3250523891721,52.4300188236996,27971,"Îáíàæåíèå ""Äîáðóø""",Ïàìÿòíèê ïðèðîäû ðåñïóáëèêàíñêîãî çíà÷åíèÿ
27.1742472983601,53.3742119410987,27978,"Âàëóíû ""Êàìåíñêèå""",Ïàìÿòíèê ïðèðîäû ðåñïóáëèêàíñêîãî çíà÷åíèÿ
25.4381208005259,52.4305842179037,26124,Ñïîðîâñêèé,Çàêàçíèê ðåñïóáëèêàíñêîãî çíà÷åíèÿ
32.5738783276795,53.4227233867585,27990,Èâàíîâñêàÿ ðîùà,Ïàìÿòíèê ïðèðîäû ðàéîííîãî çíà÷åíèÿ
32.3528413041257,53.3094068475187,27989,"Óðî÷èùå ""Ñâÿòàÿ êðèíèöà""",Ïàìÿòíèê ïðèðîäû ðàéîííîãî çíà÷åíèÿ
32.4635200519851,53.3363766881617,27991,"Îçåðî ""Ñâÿòîå""",Ïàìÿòíèê ïðèðîäû ðàéîííîãî çíà÷åíèÿ
30.3186753778196,53.893283009779,28005,Çàäóáðîâåíñêèé ïîñàä äðåâíåãî Ìîãèëåâà 16-18 ââ.,Èñòîðèêî-êóëüòóðíàÿ öåííîñòü
26.4417833256167,54.9527361626785,28046,Ìëûí,Ïàìÿòíèê ïðèðîäû ðåñïóáëèêàíñêîãî çíà÷åíèÿ
27.4679847900436,55.2234937883186,28057,Ìîñàð,Ïàìÿòíèê ïðèðîäû ðåñïóáëèêàíñêîãî çíà÷åíèÿ
27.6977423869405,55.9197427984936,27488,Ðîñèöêàÿ íèçìåííîñòü,Çàêàçíèê ðàéîííîãî çíà÷åíèÿ
30.2380375132092,52.690515610833,26335,×èñòîëóæüå,Çàêàçíèê ðàéîííîãî çíà÷åíèÿ
28.4263815349588,55.9583079882313,27545,Ñòðåøíåíñêèé ìàññèâ âîçâûøåííîñòåé,Çàêàçíèê ðàéîííîãî çíà÷åíèÿ
28.6995137246697,53.549372309866,27546,Ëÿæàíêà,Çàêàçíèê ðàéîííîãî çíà÷åíèÿ
30.1988398022924,53.0432589237602,26426,Ñâÿòîå Îçåðî,Çàêàçíèê ðàéîííîãî çíà÷åíèÿ
29.803016556867,53.2804884570014,26406,Áðóñíè÷íîå-Ïåðåéíû,Çàêàçíèê ðàéîííîãî çíà÷åíèÿ
29.3249171105453,53.6214297381007,26825,Óíóõàëüñêîå-1,Çàêàçíèê ðàéîííîãî çíà÷åíèÿ
30.5832417674282,54.0616664759538,26805,Äîìàíîâñêèé,Çàêàçíèê ðàéîííîãî çíà÷åíèÿ
28.4491330619277,52.7590248627889,26797,Áîëîòî áàññåéíà ð. Äîêîëüêà,Çàêàçíèê ðàéîííîãî çíà÷åíèÿ
29.5363436682472,54.2015167529087,26830,Áîðîâóõà,Çàêàçíèê ðàéîííîãî çíà÷åíèÿ
29.353252161545,53.6601800255743,26813,Çàñòàðüå,Çàêàçíèê ðàéîííîãî çíà÷åíèÿ
30.4169175535841,54.1018592390758,26866,Ëîõ,Çàêàçíèê ðàéîííîãî çíà÷åíèÿ
28.5229924145389,52.2961409154419,26384,Âîðîíåöêèé Ìîõ,Çàêàçíèê ðàéîííîãî çíà÷åíèÿ
29.5210410972574,52.8395895814258,26344,Ðîâåêè,Çàêàçíèê ðàéîííîãî çíà÷åíèÿ
30.5975359626789,52.0515661703398,27009,"Ó÷àñòîê ïðîèçðàñòàíèÿ äóáà, ÿñåíÿ",Ïàìÿòíèê ïðèðîäû ðàéîííîãî çíà÷åíèÿ
29.0623034313389,53.3156258907716,26886,Äóáðàâà,Ïàìÿòíèê ïðèðîäû ðàéîííîãî çíà÷åíèÿ
28.6292674828585,52.4397980015243,26458,Äóáðàâà â êâ.85,Ïàìÿòíèê ïðèðîäû ðàéîííîãî çíà÷åíèÿ
28.9417790877394,53.5070718729248,26891,Ïðèòåðïà,Ïàìÿòíèê ïðèðîäû ðàéîííîãî çíà÷åíèÿ
28.7815498701827,52.0081679027259,27584,Òðè Äóáà,Ïàìÿòíèê ïðèðîäû ðàéîííîãî çíà÷åíèÿ
31.0143678840523,52.4212474932825,26942,"""Ïàðê Ãîìåëüñêîãî äâîðöîâî-ïàðêîâîãî àíñàìáëÿ""",Ïàìÿòíèê ïðèðîäû ðåñïóáëèêàíñêîãî çíà÷åíèÿ
30.3013870912762,55.2162384529961,27491,Òóëîâñêèé,Çàêàçíèê ðàéîííîãî çíà÷åíèÿ
27.0006300906101,53.1532279840027,26757,"Ïàðê ""Êîêîðè÷è""",Ïàìÿòíèê ïðèðîäû ðàéîííîãî çíà÷åíèÿ
27.7452368289578,51.5364071281998,26994,Óíèêàëüíûé ó÷àñòîê ëåñà 1,Ïàìÿòíèê ïðèðîäû ðàéîííîãî çíà÷åíèÿ
26.6985119502312,53.1490746271716,27585,Èñòîêè Ëàíè,Ïàìÿòíèê ïðèðîäû ðàéîííîãî çíà÷åíèÿ
28.2055250826877,51.7948432813972,26995,Óíèêàëüíûé ó÷àñòîê ëåñà 2,Ïàìÿòíèê ïðèðîäû ðàéîííîãî çíà÷åíèÿ
26.8745542987663,51.8962898932659,27530,Ïèõòà êàâêàçñêàÿ,Ïàìÿòíèê ïðèðîäû ðåñïóáëèêàíñêîãî çíà÷åíèÿ
24.1076251120534,52.1688409403779,27593,Äóá-âåëèêàí,Ïàìÿòíèê ïðèðîäû ðåñïóáëèêàíñêîãî çíà÷åíèÿ
26.8116281633734,54.8779554801605,26766,Îñòðîâ íà îçåðå Íàðî÷ü,Ïàìÿòíèê ïðèðîäû ðàéîííîãî çíà÷åíèÿ
28.4209028740572,52.7414667467293,27602,Äóáðàâà,Ïàìÿòíèê ïðèðîäû ðàéîííîãî çíà÷åíèÿ
32.4947002781685,53.3869063304586,26892,Áåðåçîâàÿ ðîùà,Ïàìÿòíèê ïðèðîäû ðàéîííîãî çíà÷åíèÿ
28.2710522265745,55.1520542525166,26156,Áåëîå,Çàêàçíèê ðåñïóáëèêàíñêîãî çíà÷åíèÿ
30.0704709256062,55.2031695262373,27619,Äûìîâùèíà,Çàêàçíèê îáëàñòíîãî çíà÷åíèÿ
27.3742366121049,53.7821603031531,26205,Ïðèëóêñêèé,Çàêàçíèê ðåñïóáëèêàíñêîãî çíà÷åíèÿ
30.2818473295211,55.2924216980512,27626,Ðóáîâñêèé,Ïàìÿòíèê ïðèðîäû ðàéîííîãî çíà÷åíèÿ
26.6969233527103,52.7588517034147,27653,Ñîñíà Âåéìóòîâà,Ïàìÿòíèê ïðèðîäû ðàéîííîãî çíà÷åíèÿ
26.9343713197798,52.754673537422,26568,Êîëêîâñêèé,Çàêàçíèê ðàéîííîãî çíà÷åíèÿ
24.5625466364119,53.1899071386719,27671,Ñòàðèííîå äåðåâî-äóá,Ïàìÿòíèê ïðèðîäû ðàéîííîãî çíà÷åíèÿ
23.8087702767372,53.8021977900922,27675,Ïàðê â ä. Áåëûå Áîëîòà,Ïàìÿòíèê ïðèðîäû ðàéîííîãî çíà÷åíèÿ
25.800514485708,53.6422350067989,26195,Íîâîãðóäñêèé,Çàêàçíèê ðåñïóáëèêàíñêîãî çíà÷åíèÿ
26.1998687947261,54.88680746374,26197,Ñîðî÷àíñêèå îçåðà,Çàêàçíèê ðåñïóáëèêàíñêîãî çíà÷åíèÿ
28.4854786920997,54.2805434494027,27687,Ïàðê Ãåðîåâ,Ïàìÿòíèê ïðèðîäû ðàéîííîãî çíà÷åíèÿ
30.2861938409325,54.5265071327137,27691,Àäðîâñêèå îâðàãè,Ïàìÿòíèê ïðèðîäû ðàéîííîãî çíà÷åíèÿ
30.2330388996414,54.696080659072,27511,Àëàíòüåâñêàÿ ãðÿäà,Çàêàçíèê ðàéîííîãî çíà÷åíèÿ
29.2557882610431,53.7902954746884,27693,"Äóá ÷åðåø÷àòûé ""Ëþáóøàíñêèé-1""",Ïàìÿòíèê ïðèðîäû ðåñïóáëèêàíñêîãî çíà÷åíèÿ
30.9620387960773,54.1650174448,27724,×èñòîå,Çàêàçíèê ðàéîííîãî çíà÷åíèÿ
26.9402125512754,54.9426634451402,27726,"Âàëóí ""Þøêîâè÷ñêèé""",Ïàìÿòíèê ïðèðîäû ðåñïóáëèêàíñêîãî çíà÷åíèÿ
27.2847615796977,54.9253905660821,27728,"Âàëóí ""Áîëüøîé êàìåíü"" áîÿðîâñêèé",Ïàìÿòíèê ïðèðîäû ðåñïóáëèêàíñêîãî çíà÷åíèÿ
26.6963324582471,54.8154553197832,27735,"Âàëóí ""Áîëüøîé êàìåíü"" ïðîíüêîâñêèé",Ïàìÿòíèê ïðèðîäû ðåñïóáëèêàíñêîãî çíà÷åíèÿ
26.3694864347763,54.9667326859318,27736,"Âàëóí ""Îëüøåâñêèé""",Ïàìÿòíèê ïðèðîäû ðåñïóáëèêàíñêîãî çíà÷åíèÿ
27.0070103456425,54.0553017512521,27741,Ïàðê Íîâûé Äâîð,Ïàìÿòíèê ïðèðîäû ðàéîííîãî çíà÷åíèÿ
24.8883180766872,52.9224693082385,26244,Çåëüâÿíêà,Çàêàçíèê ðàéîííîãî çíà÷åíèÿ
29.2729581133972,55.9207115720305,27773,Ëîêòÿíñêèé Áîëüøîé Êàìåíü,Ïàìÿòíèê ïðèðîäû ðàéîííîãî çíà÷åíèÿ
28.1891805638263,54.5253552698177,27818,"Âàëóíû ""Áûêè""",Ïàìÿòíèê ïðèðîäû ðåñïóáëèêàíñêîãî çíà÷åíèÿ
29.028778982929,51.7547082395567,27821,Ñîñíà îáûêíîâåííàÿ,Ïàìÿòíèê ïðèðîäû ðàéîííîãî çíà÷åíèÿ
23.8394574743709,51.761279121517,27826,"Âàëóí ""×åðòîâ êàìåíü"" õìåëåâñêèé",Ïàìÿòíèê ïðèðîäû ðåñïóáëèêàíñêîãî çíà÷åíèÿ
26.6681055481513,55.3831189527782,27791,"Âàëóí ""Ìàðòèí êàìåíü"" ëàéáóíñêèé",Ïàìÿòíèê ïðèðîäû ðåñïóáëèêàíñêîãî çíà÷åíèÿ
27.5878711701688,55.5501894854164,27856,Ìîçîëåâñêèé Âåëèêèé Êàìåíü,Ïàìÿòíèê ïðèðîäû ðàéîííîãî çíà÷åíèÿ
24.8279262934594,53.7172558864724,27868,"Õîëì ""Êîñòàíåâñêèé""",Ïàìÿòíèê ïðèðîäû ðåñïóáëèêàíñêîãî çíà÷åíèÿ
29.6867006143519,52.8819248078757,26340,Äóáîâêà,Çàêàçíèê ðàéîííîãî çíà÷åíèÿ
28.8616062064258,55.9065934897219,27782,Èçáèùåíñêèé Áîëüøîé Êàìåíü,Ïàìÿòíèê ïðèðîäû ðàéîííîãî çíà÷åíèÿ
28.1338778121724,55.8652673738926,27756,Ðîäíèê â ä.Êîõàíîâè÷è,Ïàìÿòíèê ïðèðîäû ðàéîííîãî çíà÷åíèÿ
27.9085523948897,55.3204482097136,27831,Êóøëåâñêàÿ äîëèíà ïðîðûâà,Ïàìÿòíèê ïðèðîäû ðåñïóáëèêàíñêîãî çíà÷åíèÿ
24.7188935734102,53.9241701521852,27877,"Âàëóí ""Áóäðåâè÷ êàìåíü"" âîðîíîâñêèé",Ïàìÿòíèê ïðèðîäû ðåñïóáëèêàíñêîãî çíà÷åíèÿ
25.4477612636847,53.0938253078052,27883,"Âàëóí ""Ðàñêîëîòûé êàìåíü""",Ïàìÿòíèê ïðèðîäû ðåñïóáëèêàíñêîãî çíà÷åíèÿ
26.3524774633224,53.5268695495197,27884,"Âàëóí ""Áîëüøîé êàìåíü"" ÷èæèíîâñêèé",Ïàìÿòíèê ïðèðîäû ðåñïóáëèêàíñêîãî çíà÷åíèÿ
26.1701181898103,53.4632180920802,27885,"Âàëóí ""×åðòîâ êàìåíü"" îñòàøèíñêèé",Ïàìÿòíèê ïðèðîäû ðåñïóáëèêàíñêîãî çíà÷åíèÿ
25.3685438121647,54.105160882629,27874,"Âàëóí ""Áîëüøîé êàìåíü"" ìàðêîâùèçíñêèé",Ïàìÿòíèê ïðèðîäû ðåñïóáëèêàíñêîãî çíà÷åíèÿ
31.1793059785711,54.0057703554142,27889,Ãðåìÿ÷àÿ êðèíèöà,Ïàìÿòíèê ïðèðîäû ðàéîííîãî çíà÷åíèÿ
28.7575477954787,55.2225762960183,27908,"Âàëóí ""Ñîðî÷èíñêèé""",Ïàìÿòíèê ïðèðîäû ðåñïóáëèêàíñêîãî çíà÷åíèÿ
28.9651510255521,55.2300529925554,27910,"Âàëóíû ""Áåðåçîâñêèå""",Ïàìÿòíèê ïðèðîäû ðåñïóáëèêàíñêîãî çíà÷åíèÿ
31.085456612193,53.422219998337,27939,"Òîðôÿíîå ìåñòîðîæäåíèå ""Çàáðîæå""",Çàêàçíèê ðàéîííîãî çíà÷åíèÿ
30.800754546963,53.3306269594259,27944,"Òîðôÿíîå ìåñòîðîæäåíèå ""Õâîùè""",Çàêàçíèê ðàéîííîãî çíà÷åíèÿ
29.2237734552657,53.3928109417691,27954,Êðèíèöà êîëõîçà èì. Ëåíèíà,Ïàìÿòíèê ïðèðîäû ðàéîííîãî çíà÷åíèÿ
29.441765900122,53.5827421076777,27953,Êðèíèöà ñîâõîçà Êëè÷åâñêèé,Ïàìÿòíèê ïðèðîäû ðàéîííîãî çíà÷åíèÿ
26.3678365067632,54.9496973274054,27975,"Ïàðê ""Îëüøåâî""",Ïàìÿòíèê ïðèðîäû ðàéîííîãî çíà÷åíèÿ
28.3750171699405,54.615702177933,26117,Áåðåçèíñêèé áèîñôåðíûé,Çàïîâåäíèê
26.5751887723494,53.9489574665946,26192,Íàëèáîêñêèé,Çàêàçíèê ðåñïóáëèêàíñêîãî çíà÷åíèÿ
23.9664042260698,52.5031046391763,26118,Áåëîâåæñêàÿ ïóùà,Íàöèîíàëüíûé ïàðê
,,26119,Áðàñëàâñêèå îçåðà,Íàöèîíàëüíûé ïàðê
24.4907203951156,53.2049623400836,26186,Çàìêîâûé ëåñ,Çàêàçíèê ðåñïóáëèêàíñêîãî çíà÷åíèÿ
24.2990114197988,53.7990816191898,26188,Îçåðû,Çàêàçíèê ðåñïóáëèêàíñêîãî çíà÷åíèÿ
29.2708347472008,54.1691060346475,28058,Ìàêîâüå,Çàêàçíèê ðàéîííîãî çíà÷åíèÿ
29.2996155917924,54.4584053876579,26601,Ëèïêè,Çàêàçíèê ðàéîííîãî çíà÷åíèÿ
23.6312536412833,53.9039854263588,27616,Ãðîäíåíñêàÿ ïóùà,Çàêàçíèê ðåñïóáëèêàíñêîãî çíà÷åíèÿ
31.0970311009326,54.2777952471121,26879,Ïîëÿùèöêàÿ ðîùà,Ïàìÿòíèê ïðèðîäû ðàéîííîãî çíà÷åíèÿ
